Ano;Abrangência ;Variável ;Valor
2012 T1;Rio Grande do Sul ;Percentual das pessoas de 14 anos ou mais de idade (%) - sem instrução ou equivalente;2,9
2012 T2;Rio Grande do Sul ;Percentual das pessoas de 14 anos ou mais de idade (%) - sem instrução ou equivalente;3
2012 T3;Rio Grande do Sul ;Percentual das pessoas de 14 anos ou mais de idade (%) - sem instrução ou equivalente;3,1
2012 T4;Rio Grande do Sul ;Percentual das pessoas de 14 anos ou mais de idade (%) - sem instrução ou equivalente;2,9
2013 T1;Rio Grande do Sul ;Percentual das pessoas de 14 anos ou mais de idade (%) - sem instrução ou equivalente;2,7
2013 T2;Rio Grande do Sul ;Percentual das pessoas de 14 anos ou mais de idade (%) - sem instrução ou equivalente;2,6
2013 T3;Rio Grande do Sul ;Percentual das pessoas de 14 anos ou mais de idade (%) - sem instrução ou equivalente;2,7
2013 T4;Rio Grande do Sul ;Percentual das pessoas de 14 anos ou mais de idade (%) - sem instrução ou equivalente;2,5
2014 T1;Rio Grande do Sul ;Percentual das pessoas de 14 anos ou mais de idade (%) - sem instrução ou equivalente;2,5
2014 T2;Rio Grande do Sul ;Percentual das pessoas de 14 anos ou mais de idade (%) - sem instrução ou equivalente;2,5
2014 T3;Rio Grande do Sul ;Percentual das pessoas de 14 anos ou mais de idade (%) - sem instrução ou equivalente;2,8
2014 T4;Rio Grande do Sul ;Percentual das pessoas de 14 anos ou mais de idade (%) - sem instrução ou equivalente;2,4
2015 T1;Rio Grande do Sul ;Percentual das pessoas de 14 anos ou mais de idade (%) - sem instrução ou equivalente;2,4
2015 T2;Rio Grande do Sul ;Percentual das pessoas de 14 anos ou mais de idade (%) - sem instrução ou equivalente;2,2
2015 T3;Rio Grande do Sul ;Percentual das pessoas de 14 anos ou mais de idade (%) - sem instrução ou equivalente;2,1
2015 T4;Rio Grande do Sul ;Percentual das pessoas de 14 anos ou mais de idade (%) - sem instrução ou equivalente;2,3
2016 T1;Rio Grande do Sul ;Percentual das pessoas de 14 anos ou mais de idade (%) - sem instrução ou equivalente;2,3
2016 T2;Rio Grande do Sul ;Percentual das pessoas de 14 anos ou mais de idade (%) - sem instrução ou equivalente;2,6
2016 T3;Rio Grande do Sul ;Percentual das pessoas de 14 anos ou mais de idade (%) - sem instrução ou equivalente;2,4
2016 T4;Rio Grande do Sul ;Percentual das pessoas de 14 anos ou mais de idade (%) - sem instrução ou equivalente;2,3
2017 T1;Rio Grande do Sul ;Percentual das pessoas de 14 anos ou mais de idade (%) - sem instrução ou equivalente;2,1
2017 T2;Rio Grande do Sul ;Percentual das pessoas de 14 anos ou mais de idade (%) - sem instrução ou equivalente;2,2
2017 T3;Rio Grande do Sul ;Percentual das pessoas de 14 anos ou mais de idade (%) - sem instrução ou equivalente;2,1
2017 T4;Rio Grande do Sul ;Percentual das pessoas de 14 anos ou mais de idade (%) - sem instrução ou equivalente;2,2
2018 T1;Rio Grande do Sul ;Percentual das pessoas de 14 anos ou mais de idade (%) - sem instrução ou equivalente;2,2
2018 T2;Rio Grande do Sul ;Percentual das pessoas de 14 anos ou mais de idade (%) - sem instrução ou equivalente;2,2
2018 T3;Rio Grande do Sul ;Percentual das pessoas de 14 anos ou mais de idade (%) - sem instrução ou equivalente;2,1
2018 T4;Rio Grande do Sul ;Percentual das pessoas de 14 anos ou mais de idade (%) - sem instrução ou equivalente;1,8
2019 T1;Rio Grande do Sul ;Percentual das pessoas de 14 anos ou mais de idade (%) - sem instrução ou equivalente;1,9
2019 T2;Rio Grande do Sul ;Percentual das pessoas de 14 anos ou mais de idade (%) - sem instrução ou equivalente;1,8
2019 T3;Rio Grande do Sul ;Percentual das pessoas de 14 anos ou mais de idade (%) - sem instrução ou equivalente;1,8
2019 T4;Rio Grande do Sul ;Percentual das pessoas de 14 anos ou mais de idade (%) - sem instrução ou equivalente;1,9
2020 T1;Rio Grande do Sul ;Percentual das pessoas de 14 anos ou mais de idade (%) - sem instrução ou equivalente;2
2020 T2;Rio Grande do Sul ;Percentual das pessoas de 14 anos ou mais de idade (%) - sem instrução ou equivalente;
2020 T3;Rio Grande do Sul ;Percentual das pessoas de 14 anos ou mais de idade (%) - sem instrução ou equivalente;
2020 T4;Rio Grande do Sul ;Percentual das pessoas de 14 anos ou mais de idade (%) - sem instrução ou equivalente;
2021 T1;Rio Grande do Sul ;Percentual das pessoas de 14 anos ou mais de idade (%) - sem instrução ou equivalente;
2021 T2;Rio Grande do Sul ;Percentual das pessoas de 14 anos ou mais de idade (%) - sem instrução ou equivalente;
2021 T3;Rio Grande do Sul ;Percentual das pessoas de 14 anos ou mais de idade (%) - sem instrução ou equivalente;
2021 T4;Rio Grande do Sul ;Percentual das pessoas de 14 anos ou mais de idade (%) - sem instrução ou equivalente;
2022 T1;Rio Grande do Sul ;Percentual das pessoas de 14 anos ou mais de idade (%) - sem instrução ou equivalente;
2022 T2;Rio Grande do Sul ;Percentual das pessoas de 14 anos ou mais de idade (%) - sem instrução ou equivalente;2
2022 T3;Rio Grande do Sul ;Percentual das pessoas de 14 anos ou mais de idade (%) - sem instrução ou equivalente;2
2022 T4;Rio Grande do Sul ;Percentual das pessoas de 14 anos ou mais de idade (%) - sem instrução ou equivalente;2,1
2023 T1;Rio Grande do Sul ;Percentual das pessoas de 14 anos ou mais de idade (%) - sem instrução ou equivalente;2,2
2023 T2;Rio Grande do Sul ;Percentual das pessoas de 14 anos ou mais de idade (%) - sem instrução ou equivalente;2,2
2023 T3;Rio Grande do Sul ;Percentual das pessoas de 14 anos ou mais de idade (%) - sem instrução ou equivalente;2,4
2023 T4;Rio Grande do Sul ;Percentual das pessoas de 14 anos ou mais de idade (%) - sem instrução ou equivalente;2,3
2024 T1;Rio Grande do Sul ;Percentual das pessoas de 14 anos ou mais de idade (%) - sem instrução ou equivalente;2,1
2024 T2;Rio Grande do Sul ;Percentual das pessoas de 14 anos ou mais de idade (%) - sem instrução ou equivalente;2,1
2024 T3;Rio Grande do Sul ;Percentual das pessoas de 14 anos ou mais de idade (%) - sem instrução ou equivalente;2,2
2024 T4;Rio Grande do Sul ;Percentual das pessoas de 14 anos ou mais de idade (%) - sem instrução ou equivalente;2
2025 T1;Rio Grande do Sul ;Percentual das pessoas de 14 anos ou mais de idade (%) - sem instrução ou equivalente;1,8
2025 T2;Rio Grande do Sul ;Percentual das pessoas de 14 anos ou mais de idade (%) - sem instrução ou equivalente;1,9
2012 T1;Brasil;Percentual das pessoas de 14 anos ou mais de idade (%) - sem instrução ou equivalente;6,80
2012 T2;Brasil;Percentual das pessoas de 14 anos ou mais de idade (%) - sem instrução ou equivalente;6,60
2012 T3;Brasil;Percentual das pessoas de 14 anos ou mais de idade (%) - sem instrução ou equivalente;6,40
2012 T4;Brasil;Percentual das pessoas de 14 anos ou mais de idade (%) - sem instrução ou equivalente;6,30
2013 T1;Brasil;Percentual das pessoas de 14 anos ou mais de idade (%) - sem instrução ou equivalente;6,20
2013 T2;Brasil;Percentual das pessoas de 14 anos ou mais de idade (%) - sem instrução ou equivalente;6,20
2013 T3;Brasil;Percentual das pessoas de 14 anos ou mais de idade (%) - sem instrução ou equivalente;6,20
2013 T4;Brasil;Percentual das pessoas de 14 anos ou mais de idade (%) - sem instrução ou equivalente;6,10
2014 T1;Brasil;Percentual das pessoas de 14 anos ou mais de idade (%) - sem instrução ou equivalente;6,00
2014 T2;Brasil;Percentual das pessoas de 14 anos ou mais de idade (%) - sem instrução ou equivalente;5,90
2014 T3;Brasil;Percentual das pessoas de 14 anos ou mais de idade (%) - sem instrução ou equivalente;5,90
2014 T4;Brasil;Percentual das pessoas de 14 anos ou mais de idade (%) - sem instrução ou equivalente;5,70
2015 T1;Brasil;Percentual das pessoas de 14 anos ou mais de idade (%) - sem instrução ou equivalente;5,70
2015 T2;Brasil;Percentual das pessoas de 14 anos ou mais de idade (%) - sem instrução ou equivalente;5,50
2015 T3;Brasil;Percentual das pessoas de 14 anos ou mais de idade (%) - sem instrução ou equivalente;5,50
2015 T4;Brasil;Percentual das pessoas de 14 anos ou mais de idade (%) - sem instrução ou equivalente;6,00
2016 T1;Brasil;Percentual das pessoas de 14 anos ou mais de idade (%) - sem instrução ou equivalente;5,60
2016 T2;Brasil;Percentual das pessoas de 14 anos ou mais de idade (%) - sem instrução ou equivalente;5,90
2016 T3;Brasil;Percentual das pessoas de 14 anos ou mais de idade (%) - sem instrução ou equivalente;5,80
2016 T4;Brasil;Percentual das pessoas de 14 anos ou mais de idade (%) - sem instrução ou equivalente;5,60
2017 T1;Brasil;Percentual das pessoas de 14 anos ou mais de idade (%) - sem instrução ou equivalente;5,60
2017 T2;Brasil;Percentual das pessoas de 14 anos ou mais de idade (%) - sem instrução ou equivalente;5,40
2017 T3;Brasil;Percentual das pessoas de 14 anos ou mais de idade (%) - sem instrução ou equivalente;5,20
2017 T4;Brasil;Percentual das pessoas de 14 anos ou mais de idade (%) - sem instrução ou equivalente;5,20
2018 T1;Brasil;Percentual das pessoas de 14 anos ou mais de idade (%) - sem instrução ou equivalente;5,20
2018 T2;Brasil;Percentual das pessoas de 14 anos ou mais de idade (%) - sem instrução ou equivalente;5,20
2018 T3;Brasil;Percentual das pessoas de 14 anos ou mais de idade (%) - sem instrução ou equivalente;4,90
2018 T4;Brasil;Percentual das pessoas de 14 anos ou mais de idade (%) - sem instrução ou equivalente;4,80
2019 T1;Brasil;Percentual das pessoas de 14 anos ou mais de idade (%) - sem instrução ou equivalente;4,90
2019 T2;Brasil;Percentual das pessoas de 14 anos ou mais de idade (%) - sem instrução ou equivalente;4,80
2019 T3;Brasil;Percentual das pessoas de 14 anos ou mais de idade (%) - sem instrução ou equivalente;4,80
2019 T4;Brasil;Percentual das pessoas de 14 anos ou mais de idade (%) - sem instrução ou equivalente;4,70
2020 T1;Brasil;Percentual das pessoas de 14 anos ou mais de idade (%) - sem instrução ou equivalente;4,60
2020 T2;Brasil;Percentual das pessoas de 14 anos ou mais de idade (%) - sem instrução ou equivalente;4,20
2020 T3;Brasil;Percentual das pessoas de 14 anos ou mais de idade (%) - sem instrução ou equivalente;4,20
2020 T4;Brasil;Percentual das pessoas de 14 anos ou mais de idade (%) - sem instrução ou equivalente;4,20
2021 T1;Brasil;Percentual das pessoas de 14 anos ou mais de idade (%) - sem instrução ou equivalente;4,30
2021 T2;Brasil;Percentual das pessoas de 14 anos ou mais de idade (%) - sem instrução ou equivalente;4,50
2021 T3;Brasil;Percentual das pessoas de 14 anos ou mais de idade (%) - sem instrução ou equivalente;4,80
2021 T4;Brasil;Percentual das pessoas de 14 anos ou mais de idade (%) - sem instrução ou equivalente;4,80
2022 T1;Brasil;Percentual das pessoas de 14 anos ou mais de idade (%) - sem instrução ou equivalente;4,90
2022 T2;Brasil;Percentual das pessoas de 14 anos ou mais de idade (%) - sem instrução ou equivalente;4,90
2022 T3;Brasil;Percentual das pessoas de 14 anos ou mais de idade (%) - sem instrução ou equivalente;5,00
2022 T4;Brasil;Percentual das pessoas de 14 anos ou mais de idade (%) - sem instrução ou equivalente;5,00
2023 T1;Brasil;Percentual das pessoas de 14 anos ou mais de idade (%) - sem instrução ou equivalente;5,10
2023 T2;Brasil;Percentual das pessoas de 14 anos ou mais de idade (%) - sem instrução ou equivalente;5,00
2023 T3;Brasil;Percentual das pessoas de 14 anos ou mais de idade (%) - sem instrução ou equivalente;4,90
2023 T4;Brasil;Percentual das pessoas de 14 anos ou mais de idade (%) - sem instrução ou equivalente;4,80
2024 T1;Brasil;Percentual das pessoas de 14 anos ou mais de idade (%) - sem instrução ou equivalente;4,60
2024 T2;Brasil;Percentual das pessoas de 14 anos ou mais de idade (%) - sem instrução ou equivalente;4,60
2024 T3;Brasil;Percentual das pessoas de 14 anos ou mais de idade (%) - sem instrução ou equivalente;4,60
2024 T4;Brasil;Percentual das pessoas de 14 anos ou mais de idade (%) - sem instrução ou equivalente;4,40
2025 T1;Brasil;Percentual das pessoas de 14 anos ou mais de idade (%) - sem instrução ou equivalente;4,30
2025 T2;Brasil;Percentual das pessoas de 14 anos ou mais de idade (%) - sem instrução ou equivalente;4,20
2012 T1;Brasil;Percentual das pessoas de 14 anos ou mais de idade (%) - ensino fundamental completo ou equivalente;11,60
2012 T2;Brasil;Percentual das pessoas de 14 anos ou mais de idade (%) - ensino fundamental completo ou equivalente;11,50
2012 T3;Brasil;Percentual das pessoas de 14 anos ou mais de idade (%) - ensino fundamental completo ou equivalente;11,50
2012 T4;Brasil;Percentual das pessoas de 14 anos ou mais de idade (%) - ensino fundamental completo ou equivalente;11,30
2013 T1;Brasil;Percentual das pessoas de 14 anos ou mais de idade (%) - ensino fundamental completo ou equivalente;11,50
2013 T2;Brasil;Percentual das pessoas de 14 anos ou mais de idade (%) - ensino fundamental completo ou equivalente;11,50
2013 T3;Brasil;Percentual das pessoas de 14 anos ou mais de idade (%) - ensino fundamental completo ou equivalente;11,60
2013 T4;Brasil;Percentual das pessoas de 14 anos ou mais de idade (%) - ensino fundamental completo ou equivalente;11,50
2014 T1;Brasil;Percentual das pessoas de 14 anos ou mais de idade (%) - ensino fundamental completo ou equivalente;11,80
2014 T2;Brasil;Percentual das pessoas de 14 anos ou mais de idade (%) - ensino fundamental completo ou equivalente;11,70
2014 T3;Brasil;Percentual das pessoas de 14 anos ou mais de idade (%) - ensino fundamental completo ou equivalente;11,50
2014 T4;Brasil;Percentual das pessoas de 14 anos ou mais de idade (%) - ensino fundamental completo ou equivalente;11,40
2015 T1;Brasil;Percentual das pessoas de 14 anos ou mais de idade (%) - ensino fundamental completo ou equivalente;11,50
2015 T2;Brasil;Percentual das pessoas de 14 anos ou mais de idade (%) - ensino fundamental completo ou equivalente;11,30
2015 T3;Brasil;Percentual das pessoas de 14 anos ou mais de idade (%) - ensino fundamental completo ou equivalente;11,20
2015 T4;Brasil;Percentual das pessoas de 14 anos ou mais de idade (%) - ensino fundamental completo ou equivalente;10,40
2016 T1;Brasil;Percentual das pessoas de 14 anos ou mais de idade (%) - ensino fundamental completo ou equivalente;10,60
2016 T2;Brasil;Percentual das pessoas de 14 anos ou mais de idade (%) - ensino fundamental completo ou equivalente;10,50
2016 T3;Brasil;Percentual das pessoas de 14 anos ou mais de idade (%) - ensino fundamental completo ou equivalente;10,20
2016 T4;Brasil;Percentual das pessoas de 14 anos ou mais de idade (%) - ensino fundamental completo ou equivalente;10,10
2017 T1;Brasil;Percentual das pessoas de 14 anos ou mais de idade (%) - ensino fundamental completo ou equivalente;10,20
2017 T2;Brasil;Percentual das pessoas de 14 anos ou mais de idade (%) - ensino fundamental completo ou equivalente;9,80
2017 T3;Brasil;Percentual das pessoas de 14 anos ou mais de idade (%) - ensino fundamental completo ou equivalente;9,70
2017 T4;Brasil;Percentual das pessoas de 14 anos ou mais de idade (%) - ensino fundamental completo ou equivalente;9,60
2018 T1;Brasil;Percentual das pessoas de 14 anos ou mais de idade (%) - ensino fundamental completo ou equivalente;9,40
2018 T2;Brasil;Percentual das pessoas de 14 anos ou mais de idade (%) - ensino fundamental completo ou equivalente;9,30
2018 T3;Brasil;Percentual das pessoas de 14 anos ou mais de idade (%) - ensino fundamental completo ou equivalente;9,20
2018 T4;Brasil;Percentual das pessoas de 14 anos ou mais de idade (%) - ensino fundamental completo ou equivalente;9,10
2019 T1;Brasil;Percentual das pessoas de 14 anos ou mais de idade (%) - ensino fundamental completo ou equivalente;9,20
2019 T2;Brasil;Percentual das pessoas de 14 anos ou mais de idade (%) - ensino fundamental completo ou equivalente;9,20
2019 T3;Brasil;Percentual das pessoas de 14 anos ou mais de idade (%) - ensino fundamental completo ou equivalente;9,00
2019 T4;Brasil;Percentual das pessoas de 14 anos ou mais de idade (%) - ensino fundamental completo ou equivalente;9,00
2020 T1;Brasil;Percentual das pessoas de 14 anos ou mais de idade (%) - ensino fundamental completo ou equivalente;9,00
2020 T2;Brasil;Percentual das pessoas de 14 anos ou mais de idade (%) - ensino fundamental completo ou equivalente;9,00
2020 T3;Brasil;Percentual das pessoas de 14 anos ou mais de idade (%) - ensino fundamental completo ou equivalente;8,90
2020 T4;Brasil;Percentual das pessoas de 14 anos ou mais de idade (%) - ensino fundamental completo ou equivalente;9,00
2021 T1;Brasil;Percentual das pessoas de 14 anos ou mais de idade (%) - ensino fundamental completo ou equivalente;9,10
2021 T2;Brasil;Percentual das pessoas de 14 anos ou mais de idade (%) - ensino fundamental completo ou equivalente;8,90
2021 T3;Brasil;Percentual das pessoas de 14 anos ou mais de idade (%) - ensino fundamental completo ou equivalente;8,90
2021 T4;Brasil;Percentual das pessoas de 14 anos ou mais de idade (%) - ensino fundamental completo ou equivalente;8,80
2022 T1;Brasil;Percentual das pessoas de 14 anos ou mais de idade (%) - ensino fundamental completo ou equivalente;8,90
2022 T2;Brasil;Percentual das pessoas de 14 anos ou mais de idade (%) - ensino fundamental completo ou equivalente;8,70
2022 T3;Brasil;Percentual das pessoas de 14 anos ou mais de idade (%) - ensino fundamental completo ou equivalente;8,50
2022 T4;Brasil;Percentual das pessoas de 14 anos ou mais de idade (%) - ensino fundamental completo ou equivalente;8,40
2023 T1;Brasil;Percentual das pessoas de 14 anos ou mais de idade (%) - ensino fundamental completo ou equivalente;8,50
2023 T2;Brasil;Percentual das pessoas de 14 anos ou mais de idade (%) - ensino fundamental completo ou equivalente;8,50
2023 T3;Brasil;Percentual das pessoas de 14 anos ou mais de idade (%) - ensino fundamental completo ou equivalente;8,40
2023 T4;Brasil;Percentual das pessoas de 14 anos ou mais de idade (%) - ensino fundamental completo ou equivalente;8,40
2024 T1;Brasil;Percentual das pessoas de 14 anos ou mais de idade (%) - ensino fundamental completo ou equivalente;8,50
2024 T2;Brasil;Percentual das pessoas de 14 anos ou mais de idade (%) - ensino fundamental completo ou equivalente;8,50
2024 T3;Brasil;Percentual das pessoas de 14 anos ou mais de idade (%) - ensino fundamental completo ou equivalente;8,40
2024 T4;Brasil;Percentual das pessoas de 14 anos ou mais de idade (%) - ensino fundamental completo ou equivalente;8,20
2025 T1;Brasil;Percentual das pessoas de 14 anos ou mais de idade (%) - ensino fundamental completo ou equivalente;8,20
2025 T2;Brasil;Percentual das pessoas de 14 anos ou mais de idade (%) - ensino fundamental completo ou equivalente;8,20
2012 T1;Rio Grande do Sul ;Percentual das pessoas de 14 anos ou mais de idade (%) - ensino fundamental completo ou equivalente;12,3
2012 T2;Rio Grande do Sul ;Percentual das pessoas de 14 anos ou mais de idade (%) - ensino fundamental completo ou equivalente;12,2
2012 T3;Rio Grande do Sul ;Percentual das pessoas de 14 anos ou mais de idade (%) - ensino fundamental completo ou equivalente;12
2012 T4;Rio Grande do Sul ;Percentual das pessoas de 14 anos ou mais de idade (%) - ensino fundamental completo ou equivalente;12
2013 T1;Rio Grande do Sul ;Percentual das pessoas de 14 anos ou mais de idade (%) - ensino fundamental completo ou equivalente;12,3
2013 T2;Rio Grande do Sul ;Percentual das pessoas de 14 anos ou mais de idade (%) - ensino fundamental completo ou equivalente;12,1
2013 T3;Rio Grande do Sul ;Percentual das pessoas de 14 anos ou mais de idade (%) - ensino fundamental completo ou equivalente;12,1
2013 T4;Rio Grande do Sul ;Percentual das pessoas de 14 anos ou mais de idade (%) - ensino fundamental completo ou equivalente;12,3
2014 T1;Rio Grande do Sul ;Percentual das pessoas de 14 anos ou mais de idade (%) - ensino fundamental completo ou equivalente;12,7
2014 T2;Rio Grande do Sul ;Percentual das pessoas de 14 anos ou mais de idade (%) - ensino fundamental completo ou equivalente;12,6
2014 T3;Rio Grande do Sul ;Percentual das pessoas de 14 anos ou mais de idade (%) - ensino fundamental completo ou equivalente;13,1
2014 T4;Rio Grande do Sul ;Percentual das pessoas de 14 anos ou mais de idade (%) - ensino fundamental completo ou equivalente;13
2015 T1;Rio Grande do Sul ;Percentual das pessoas de 14 anos ou mais de idade (%) - ensino fundamental completo ou equivalente;12,8
2015 T2;Rio Grande do Sul ;Percentual das pessoas de 14 anos ou mais de idade (%) - ensino fundamental completo ou equivalente;12,9
2015 T3;Rio Grande do Sul ;Percentual das pessoas de 14 anos ou mais de idade (%) - ensino fundamental completo ou equivalente;12,9
2015 T4;Rio Grande do Sul ;Percentual das pessoas de 14 anos ou mais de idade (%) - ensino fundamental completo ou equivalente;11,6
2016 T1;Rio Grande do Sul ;Percentual das pessoas de 14 anos ou mais de idade (%) - ensino fundamental completo ou equivalente;11,7
2016 T2;Rio Grande do Sul ;Percentual das pessoas de 14 anos ou mais de idade (%) - ensino fundamental completo ou equivalente;11,5
2016 T3;Rio Grande do Sul ;Percentual das pessoas de 14 anos ou mais de idade (%) - ensino fundamental completo ou equivalente;11,2
2016 T4;Rio Grande do Sul ;Percentual das pessoas de 14 anos ou mais de idade (%) - ensino fundamental completo ou equivalente;11,5
2017 T1;Rio Grande do Sul ;Percentual das pessoas de 14 anos ou mais de idade (%) - ensino fundamental completo ou equivalente;11,9
2017 T2;Rio Grande do Sul ;Percentual das pessoas de 14 anos ou mais de idade (%) - ensino fundamental completo ou equivalente;11,7
2017 T3;Rio Grande do Sul ;Percentual das pessoas de 14 anos ou mais de idade (%) - ensino fundamental completo ou equivalente;11,4
2017 T4;Rio Grande do Sul ;Percentual das pessoas de 14 anos ou mais de idade (%) - ensino fundamental completo ou equivalente;11,4
2018 T1;Rio Grande do Sul ;Percentual das pessoas de 14 anos ou mais de idade (%) - ensino fundamental completo ou equivalente;11,3
2018 T2;Rio Grande do Sul ;Percentual das pessoas de 14 anos ou mais de idade (%) - ensino fundamental completo ou equivalente;11,6
2018 T3;Rio Grande do Sul ;Percentual das pessoas de 14 anos ou mais de idade (%) - ensino fundamental completo ou equivalente;11,9
2018 T4;Rio Grande do Sul ;Percentual das pessoas de 14 anos ou mais de idade (%) - ensino fundamental completo ou equivalente;11,2
2019 T1;Rio Grande do Sul ;Percentual das pessoas de 14 anos ou mais de idade (%) - ensino fundamental completo ou equivalente;11,3
2019 T2;Rio Grande do Sul ;Percentual das pessoas de 14 anos ou mais de idade (%) - ensino fundamental completo ou equivalente;11,1
2019 T3;Rio Grande do Sul ;Percentual das pessoas de 14 anos ou mais de idade (%) - ensino fundamental completo ou equivalente;11,1
2019 T4;Rio Grande do Sul ;Percentual das pessoas de 14 anos ou mais de idade (%) - ensino fundamental completo ou equivalente;11
2020 T1;Rio Grande do Sul ;Percentual das pessoas de 14 anos ou mais de idade (%) - ensino fundamental completo ou equivalente;10,9
2020 T2;Rio Grande do Sul ;Percentual das pessoas de 14 anos ou mais de idade (%) - ensino fundamental completo ou equivalente;
2020 T3;Rio Grande do Sul ;Percentual das pessoas de 14 anos ou mais de idade (%) - ensino fundamental completo ou equivalente;
2020 T4;Rio Grande do Sul ;Percentual das pessoas de 14 anos ou mais de idade (%) - ensino fundamental completo ou equivalente;
2021 T1;Rio Grande do Sul ;Percentual das pessoas de 14 anos ou mais de idade (%) - ensino fundamental completo ou equivalente;
2021 T2;Rio Grande do Sul ;Percentual das pessoas de 14 anos ou mais de idade (%) - ensino fundamental completo ou equivalente;
2021 T3;Rio Grande do Sul ;Percentual das pessoas de 14 anos ou mais de idade (%) - ensino fundamental completo ou equivalente;
2021 T4;Rio Grande do Sul ;Percentual das pessoas de 14 anos ou mais de idade (%) - ensino fundamental completo ou equivalente;
2022 T1;Rio Grande do Sul ;Percentual das pessoas de 14 anos ou mais de idade (%) - ensino fundamental completo ou equivalente;
2022 T2;Rio Grande do Sul ;Percentual das pessoas de 14 anos ou mais de idade (%) - ensino fundamental completo ou equivalente;11,1
2022 T3;Rio Grande do Sul ;Percentual das pessoas de 14 anos ou mais de idade (%) - ensino fundamental completo ou equivalente;10,6
2022 T4;Rio Grande do Sul ;Percentual das pessoas de 14 anos ou mais de idade (%) - ensino fundamental completo ou equivalente;10,1
2023 T1;Rio Grande do Sul ;Percentual das pessoas de 14 anos ou mais de idade (%) - ensino fundamental completo ou equivalente;10
2023 T2;Rio Grande do Sul ;Percentual das pessoas de 14 anos ou mais de idade (%) - ensino fundamental completo ou equivalente;9,9
2023 T3;Rio Grande do Sul ;Percentual das pessoas de 14 anos ou mais de idade (%) - ensino fundamental completo ou equivalente;9,7
2023 T4;Rio Grande do Sul ;Percentual das pessoas de 14 anos ou mais de idade (%) - ensino fundamental completo ou equivalente;9,9
2024 T1;Rio Grande do Sul ;Percentual das pessoas de 14 anos ou mais de idade (%) - ensino fundamental completo ou equivalente;9,6
2024 T2;Rio Grande do Sul ;Percentual das pessoas de 14 anos ou mais de idade (%) - ensino fundamental completo ou equivalente;9,8
2024 T3;Rio Grande do Sul ;Percentual das pessoas de 14 anos ou mais de idade (%) - ensino fundamental completo ou equivalente;9,8
2024 T4;Rio Grande do Sul ;Percentual das pessoas de 14 anos ou mais de idade (%) - ensino fundamental completo ou equivalente;9,5
2025 T1;Rio Grande do Sul ;Percentual das pessoas de 14 anos ou mais de idade (%) - ensino fundamental completo ou equivalente;10,2
2025 T2;Rio Grande do Sul ;Percentual das pessoas de 14 anos ou mais de idade (%) - ensino fundamental completo ou equivalente;9,4
2012 T1;Brasil;Percentual das pessoas de 14 anos ou mais de idade (%) - ensino fundamental incompleto ou equivalente;34,1
2012 T2;Brasil;Percentual das pessoas de 14 anos ou mais de idade (%) - ensino fundamental incompleto ou equivalente;34,4
2012 T3;Brasil;Percentual das pessoas de 14 anos ou mais de idade (%) - ensino fundamental incompleto ou equivalente;34,8
2012 T4;Brasil;Percentual das pessoas de 14 anos ou mais de idade (%) - ensino fundamental incompleto ou equivalente;34,9
2013 T1;Brasil;Percentual das pessoas de 14 anos ou mais de idade (%) - ensino fundamental incompleto ou equivalente;33,5
2013 T2;Brasil;Percentual das pessoas de 14 anos ou mais de idade (%) - ensino fundamental incompleto ou equivalente;33,6
2013 T3;Brasil;Percentual das pessoas de 14 anos ou mais de idade (%) - ensino fundamental incompleto ou equivalente;33,7
2013 T4;Brasil;Percentual das pessoas de 14 anos ou mais de idade (%) - ensino fundamental incompleto ou equivalente;33,7
2014 T1;Brasil;Percentual das pessoas de 14 anos ou mais de idade (%) - ensino fundamental incompleto ou equivalente;32,2
2014 T2;Brasil;Percentual das pessoas de 14 anos ou mais de idade (%) - ensino fundamental incompleto ou equivalente;32,3
2014 T3;Brasil;Percentual das pessoas de 14 anos ou mais de idade (%) - ensino fundamental incompleto ou equivalente;32,7
2014 T4;Brasil;Percentual das pessoas de 14 anos ou mais de idade (%) - ensino fundamental incompleto ou equivalente;32,8
2015 T1;Brasil;Percentual das pessoas de 14 anos ou mais de idade (%) - ensino fundamental incompleto ou equivalente;31,5
2015 T2;Brasil;Percentual das pessoas de 14 anos ou mais de idade (%) - ensino fundamental incompleto ou equivalente;31,8
2015 T3;Brasil;Percentual das pessoas de 14 anos ou mais de idade (%) - ensino fundamental incompleto ou equivalente;31,8
2015 T4;Brasil;Percentual das pessoas de 14 anos ou mais de idade (%) - ensino fundamental incompleto ou equivalente;31,8
2016 T1;Brasil;Percentual das pessoas de 14 anos ou mais de idade (%) - ensino fundamental incompleto ou equivalente;30,7
2016 T2;Brasil;Percentual das pessoas de 14 anos ou mais de idade (%) - ensino fundamental incompleto ou equivalente;30,8
2016 T3;Brasil;Percentual das pessoas de 14 anos ou mais de idade (%) - ensino fundamental incompleto ou equivalente;30,9
2016 T4;Brasil;Percentual das pessoas de 14 anos ou mais de idade (%) - ensino fundamental incompleto ou equivalente;31,1
2017 T1;Brasil;Percentual das pessoas de 14 anos ou mais de idade (%) - ensino fundamental incompleto ou equivalente;30,1
2017 T2;Brasil;Percentual das pessoas de 14 anos ou mais de idade (%) - ensino fundamental incompleto ou equivalente;30,6
2017 T3;Brasil;Percentual das pessoas de 14 anos ou mais de idade (%) - ensino fundamental incompleto ou equivalente;30,7
2017 T4;Brasil;Percentual das pessoas de 14 anos ou mais de idade (%) - ensino fundamental incompleto ou equivalente;30,8
2018 T1;Brasil;Percentual das pessoas de 14 anos ou mais de idade (%) - ensino fundamental incompleto ou equivalente;29,7
2018 T2;Brasil;Percentual das pessoas de 14 anos ou mais de idade (%) - ensino fundamental incompleto ou equivalente;29,9
2018 T3;Brasil;Percentual das pessoas de 14 anos ou mais de idade (%) - ensino fundamental incompleto ou equivalente;30
2018 T4;Brasil;Percentual das pessoas de 14 anos ou mais de idade (%) - ensino fundamental incompleto ou equivalente;30
2019 T1;Brasil;Percentual das pessoas de 14 anos ou mais de idade (%) - ensino fundamental incompleto ou equivalente;28,7
2019 T2;Brasil;Percentual das pessoas de 14 anos ou mais de idade (%) - ensino fundamental incompleto ou equivalente;29
2019 T3;Brasil;Percentual das pessoas de 14 anos ou mais de idade (%) - ensino fundamental incompleto ou equivalente;29,2
2019 T4;Brasil;Percentual das pessoas de 14 anos ou mais de idade (%) - ensino fundamental incompleto ou equivalente;29,1
2020 T1;Brasil;Percentual das pessoas de 14 anos ou mais de idade (%) - ensino fundamental incompleto ou equivalente;27,7
2020 T2;Brasil;Percentual das pessoas de 14 anos ou mais de idade (%) - ensino fundamental incompleto ou equivalente;27,1
2020 T3;Brasil;Percentual das pessoas de 14 anos ou mais de idade (%) - ensino fundamental incompleto ou equivalente;27,2
2020 T4;Brasil;Percentual das pessoas de 14 anos ou mais de idade (%) - ensino fundamental incompleto ou equivalente;26,7
2021 T1;Brasil;Percentual das pessoas de 14 anos ou mais de idade (%) - ensino fundamental incompleto ou equivalente;25,8
2021 T2;Brasil;Percentual das pessoas de 14 anos ou mais de idade (%) - ensino fundamental incompleto ou equivalente;26,2
2021 T3;Brasil;Percentual das pessoas de 14 anos ou mais de idade (%) - ensino fundamental incompleto ou equivalente;26,9
2021 T4;Brasil;Percentual das pessoas de 14 anos ou mais de idade (%) - ensino fundamental incompleto ou equivalente;27,1
2022 T1;Brasil;Percentual das pessoas de 14 anos ou mais de idade (%) - ensino fundamental incompleto ou equivalente;26,1
2022 T2;Brasil;Percentual das pessoas de 14 anos ou mais de idade (%) - ensino fundamental incompleto ou equivalente;26,2
2022 T3;Brasil;Percentual das pessoas de 14 anos ou mais de idade (%) - ensino fundamental incompleto ou equivalente;26,3
2022 T4;Brasil;Percentual das pessoas de 14 anos ou mais de idade (%) - ensino fundamental incompleto ou equivalente;26,3
2023 T1;Brasil;Percentual das pessoas de 14 anos ou mais de idade (%) - ensino fundamental incompleto ou equivalente;25,3
2023 T2;Brasil;Percentual das pessoas de 14 anos ou mais de idade (%) - ensino fundamental incompleto ou equivalente;25,4
2023 T3;Brasil;Percentual das pessoas de 14 anos ou mais de idade (%) - ensino fundamental incompleto ou equivalente;25,3
2023 T4;Brasil;Percentual das pessoas de 14 anos ou mais de idade (%) - ensino fundamental incompleto ou equivalente;25,4
2024 T1;Brasil;Percentual das pessoas de 14 anos ou mais de idade (%) - ensino fundamental incompleto ou equivalente;24,6
2024 T2;Brasil;Percentual das pessoas de 14 anos ou mais de idade (%) - ensino fundamental incompleto ou equivalente;24,6
2024 T3;Brasil;Percentual das pessoas de 14 anos ou mais de idade (%) - ensino fundamental incompleto ou equivalente;24,7
2024 T4;Brasil;Percentual das pessoas de 14 anos ou mais de idade (%) - ensino fundamental incompleto ou equivalente;24,6
2025 T1;Brasil;Percentual das pessoas de 14 anos ou mais de idade (%) - ensino fundamental incompleto ou equivalente;23,5
2025 T2;Brasil;Percentual das pessoas de 14 anos ou mais de idade (%) - ensino fundamental incompleto ou equivalente;23,8
2012 T1;Rio Grande do Sul ;Percentual das pessoas de 14 anos ou mais de idade (%) - ensino fundamental incompleto ou equivalente;38,6
2012 T2;Rio Grande do Sul ;Percentual das pessoas de 14 anos ou mais de idade (%) - ensino fundamental incompleto ou equivalente;39,2
2012 T3;Rio Grande do Sul ;Percentual das pessoas de 14 anos ou mais de idade (%) - ensino fundamental incompleto ou equivalente;38,9
2012 T4;Rio Grande do Sul ;Percentual das pessoas de 14 anos ou mais de idade (%) - ensino fundamental incompleto ou equivalente;38,6
2013 T1;Rio Grande do Sul ;Percentual das pessoas de 14 anos ou mais de idade (%) - ensino fundamental incompleto ou equivalente;37,1
2013 T2;Rio Grande do Sul ;Percentual das pessoas de 14 anos ou mais de idade (%) - ensino fundamental incompleto ou equivalente;37,1
2013 T3;Rio Grande do Sul ;Percentual das pessoas de 14 anos ou mais de idade (%) - ensino fundamental incompleto ou equivalente;36,6
2013 T4;Rio Grande do Sul ;Percentual das pessoas de 14 anos ou mais de idade (%) - ensino fundamental incompleto ou equivalente;36,8
2014 T1;Rio Grande do Sul ;Percentual das pessoas de 14 anos ou mais de idade (%) - ensino fundamental incompleto ou equivalente;35,3
2014 T2;Rio Grande do Sul ;Percentual das pessoas de 14 anos ou mais de idade (%) - ensino fundamental incompleto ou equivalente;35,5
2014 T3;Rio Grande do Sul ;Percentual das pessoas de 14 anos ou mais de idade (%) - ensino fundamental incompleto ou equivalente;35,2
2014 T4;Rio Grande do Sul ;Percentual das pessoas de 14 anos ou mais de idade (%) - ensino fundamental incompleto ou equivalente;36,7
2015 T1;Rio Grande do Sul ;Percentual das pessoas de 14 anos ou mais de idade (%) - ensino fundamental incompleto ou equivalente;34,8
2015 T2;Rio Grande do Sul ;Percentual das pessoas de 14 anos ou mais de idade (%) - ensino fundamental incompleto ou equivalente;34,8
2015 T3;Rio Grande do Sul ;Percentual das pessoas de 14 anos ou mais de idade (%) - ensino fundamental incompleto ou equivalente;35
2015 T4;Rio Grande do Sul ;Percentual das pessoas de 14 anos ou mais de idade (%) - ensino fundamental incompleto ou equivalente;35
2016 T1;Rio Grande do Sul ;Percentual das pessoas de 14 anos ou mais de idade (%) - ensino fundamental incompleto ou equivalente;34
2016 T2;Rio Grande do Sul ;Percentual das pessoas de 14 anos ou mais de idade (%) - ensino fundamental incompleto ou equivalente;33,8
2016 T3;Rio Grande do Sul ;Percentual das pessoas de 14 anos ou mais de idade (%) - ensino fundamental incompleto ou equivalente;34
2016 T4;Rio Grande do Sul ;Percentual das pessoas de 14 anos ou mais de idade (%) - ensino fundamental incompleto ou equivalente;33,8
2017 T1;Rio Grande do Sul ;Percentual das pessoas de 14 anos ou mais de idade (%) - ensino fundamental incompleto ou equivalente;33,2
2017 T2;Rio Grande do Sul ;Percentual das pessoas de 14 anos ou mais de idade (%) - ensino fundamental incompleto ou equivalente;34
2017 T3;Rio Grande do Sul ;Percentual das pessoas de 14 anos ou mais de idade (%) - ensino fundamental incompleto ou equivalente;34,3
2017 T4;Rio Grande do Sul ;Percentual das pessoas de 14 anos ou mais de idade (%) - ensino fundamental incompleto ou equivalente;34,5
2018 T1;Rio Grande do Sul ;Percentual das pessoas de 14 anos ou mais de idade (%) - ensino fundamental incompleto ou equivalente;33,7
2018 T2;Rio Grande do Sul ;Percentual das pessoas de 14 anos ou mais de idade (%) - ensino fundamental incompleto ou equivalente;33,7
2018 T3;Rio Grande do Sul ;Percentual das pessoas de 14 anos ou mais de idade (%) - ensino fundamental incompleto ou equivalente;32,9
2018 T4;Rio Grande do Sul ;Percentual das pessoas de 14 anos ou mais de idade (%) - ensino fundamental incompleto ou equivalente;33
2019 T1;Rio Grande do Sul ;Percentual das pessoas de 14 anos ou mais de idade (%) - ensino fundamental incompleto ou equivalente;31,2
2019 T2;Rio Grande do Sul ;Percentual das pessoas de 14 anos ou mais de idade (%) - ensino fundamental incompleto ou equivalente;31,5
2019 T3;Rio Grande do Sul ;Percentual das pessoas de 14 anos ou mais de idade (%) - ensino fundamental incompleto ou equivalente;32,1
2019 T4;Rio Grande do Sul ;Percentual das pessoas de 14 anos ou mais de idade (%) - ensino fundamental incompleto ou equivalente;31,7
2020 T1;Rio Grande do Sul ;Percentual das pessoas de 14 anos ou mais de idade (%) - ensino fundamental incompleto ou equivalente;31
2020 T2;Rio Grande do Sul ;Percentual das pessoas de 14 anos ou mais de idade (%) - ensino fundamental incompleto ou equivalente;
2020 T3;Rio Grande do Sul ;Percentual das pessoas de 14 anos ou mais de idade (%) - ensino fundamental incompleto ou equivalente;
2020 T4;Rio Grande do Sul ;Percentual das pessoas de 14 anos ou mais de idade (%) - ensino fundamental incompleto ou equivalente;
2021 T1;Rio Grande do Sul ;Percentual das pessoas de 14 anos ou mais de idade (%) - ensino fundamental incompleto ou equivalente;
2021 T2;Rio Grande do Sul ;Percentual das pessoas de 14 anos ou mais de idade (%) - ensino fundamental incompleto ou equivalente;
2021 T3;Rio Grande do Sul ;Percentual das pessoas de 14 anos ou mais de idade (%) - ensino fundamental incompleto ou equivalente;
2021 T4;Rio Grande do Sul ;Percentual das pessoas de 14 anos ou mais de idade (%) - ensino fundamental incompleto ou equivalente;
2022 T1;Rio Grande do Sul ;Percentual das pessoas de 14 anos ou mais de idade (%) - ensino fundamental incompleto ou equivalente;
2022 T2;Rio Grande do Sul ;Percentual das pessoas de 14 anos ou mais de idade (%) - ensino fundamental incompleto ou equivalente;29,4
2022 T3;Rio Grande do Sul ;Percentual das pessoas de 14 anos ou mais de idade (%) - ensino fundamental incompleto ou equivalente;29,3
2022 T4;Rio Grande do Sul ;Percentual das pessoas de 14 anos ou mais de idade (%) - ensino fundamental incompleto ou equivalente;29,5
2023 T1;Rio Grande do Sul ;Percentual das pessoas de 14 anos ou mais de idade (%) - ensino fundamental incompleto ou equivalente;28,3
2023 T2;Rio Grande do Sul ;Percentual das pessoas de 14 anos ou mais de idade (%) - ensino fundamental incompleto ou equivalente;28,8
2023 T3;Rio Grande do Sul ;Percentual das pessoas de 14 anos ou mais de idade (%) - ensino fundamental incompleto ou equivalente;28,7
2023 T4;Rio Grande do Sul ;Percentual das pessoas de 14 anos ou mais de idade (%) - ensino fundamental incompleto ou equivalente;28,4
2024 T1;Rio Grande do Sul ;Percentual das pessoas de 14 anos ou mais de idade (%) - ensino fundamental incompleto ou equivalente;27,3
2024 T2;Rio Grande do Sul ;Percentual das pessoas de 14 anos ou mais de idade (%) - ensino fundamental incompleto ou equivalente;27,3
2024 T3;Rio Grande do Sul ;Percentual das pessoas de 14 anos ou mais de idade (%) - ensino fundamental incompleto ou equivalente;26,9
2024 T4;Rio Grande do Sul ;Percentual das pessoas de 14 anos ou mais de idade (%) - ensino fundamental incompleto ou equivalente;26,6
2025 T1;Rio Grande do Sul ;Percentual das pessoas de 14 anos ou mais de idade (%) - ensino fundamental incompleto ou equivalente;25,6
2025 T2;Rio Grande do Sul ;Percentual das pessoas de 14 anos ou mais de idade (%) - ensino fundamental incompleto ou equivalente;26,3
2012 T1;Brasil;Percentual das pessoas de 14 anos ou mais de idade (%) - ensino médio completo ou equivalente;25,1
2012 T2;Brasil;Percentual das pessoas de 14 anos ou mais de idade (%) - ensino médio completo ou equivalente;25,1
2012 T3;Brasil;Percentual das pessoas de 14 anos ou mais de idade (%) - ensino médio completo ou equivalente;25,1
2012 T4;Brasil;Percentual das pessoas de 14 anos ou mais de idade (%) - ensino médio completo ou equivalente;25,3
2013 T1;Brasil;Percentual das pessoas de 14 anos ou mais de idade (%) - ensino médio completo ou equivalente;26,1
2013 T2;Brasil;Percentual das pessoas de 14 anos ou mais de idade (%) - ensino médio completo ou equivalente;26
2013 T3;Brasil;Percentual das pessoas de 14 anos ou mais de idade (%) - ensino médio completo ou equivalente;25,8
2013 T4;Brasil;Percentual das pessoas de 14 anos ou mais de idade (%) - ensino médio completo ou equivalente;26
2014 T1;Brasil;Percentual das pessoas de 14 anos ou mais de idade (%) - ensino médio completo ou equivalente;26,6
2014 T2;Brasil;Percentual das pessoas de 14 anos ou mais de idade (%) - ensino médio completo ou equivalente;26,7
2014 T3;Brasil;Percentual das pessoas de 14 anos ou mais de idade (%) - ensino médio completo ou equivalente;26,4
2014 T4;Brasil;Percentual das pessoas de 14 anos ou mais de idade (%) - ensino médio completo ou equivalente;26,4
2015 T1;Brasil;Percentual das pessoas de 14 anos ou mais de idade (%) - ensino médio completo ou equivalente;26,8
2015 T2;Brasil;Percentual das pessoas de 14 anos ou mais de idade (%) - ensino médio completo ou equivalente;26,7
2015 T3;Brasil;Percentual das pessoas de 14 anos ou mais de idade (%) - ensino médio completo ou equivalente;26,6
2015 T4;Brasil;Percentual das pessoas de 14 anos ou mais de idade (%) - ensino médio completo ou equivalente;27,2
2016 T1;Brasil;Percentual das pessoas de 14 anos ou mais de idade (%) - ensino médio completo ou equivalente;27,7
2016 T2;Brasil;Percentual das pessoas de 14 anos ou mais de idade (%) - ensino médio completo ou equivalente;27,4
2016 T3;Brasil;Percentual das pessoas de 14 anos ou mais de idade (%) - ensino médio completo ou equivalente;27,6
2016 T4;Brasil;Percentual das pessoas de 14 anos ou mais de idade (%) - ensino médio completo ou equivalente;27,6
2017 T1;Brasil;Percentual das pessoas de 14 anos ou mais de idade (%) - ensino médio completo ou equivalente;28,2
2017 T2;Brasil;Percentual das pessoas de 14 anos ou mais de idade (%) - ensino médio completo ou equivalente;27,9
2017 T3;Brasil;Percentual das pessoas de 14 anos ou mais de idade (%) - ensino médio completo ou equivalente;27,8
2017 T4;Brasil;Percentual das pessoas de 14 anos ou mais de idade (%) - ensino médio completo ou equivalente;27,9
2018 T1;Brasil;Percentual das pessoas de 14 anos ou mais de idade (%) - ensino médio completo ou equivalente;28,5
2018 T2;Brasil;Percentual das pessoas de 14 anos ou mais de idade (%) - ensino médio completo ou equivalente;28,2
2018 T3;Brasil;Percentual das pessoas de 14 anos ou mais de idade (%) - ensino médio completo ou equivalente;28,2
2018 T4;Brasil;Percentual das pessoas de 14 anos ou mais de idade (%) - ensino médio completo ou equivalente;28,4
2019 T1;Brasil;Percentual das pessoas de 14 anos ou mais de idade (%) - ensino médio completo ou equivalente;29
2019 T2;Brasil;Percentual das pessoas de 14 anos ou mais de idade (%) - ensino médio completo ou equivalente;28,8
2019 T3;Brasil;Percentual das pessoas de 14 anos ou mais de idade (%) - ensino médio completo ou equivalente;28,7
2019 T4;Brasil;Percentual das pessoas de 14 anos ou mais de idade (%) - ensino médio completo ou equivalente;29,1
2020 T1;Brasil;Percentual das pessoas de 14 anos ou mais de idade (%) - ensino médio completo ou equivalente;29,8
2020 T2;Brasil;Percentual das pessoas de 14 anos ou mais de idade (%) - ensino médio completo ou equivalente;30,1
2020 T3;Brasil;Percentual das pessoas de 14 anos ou mais de idade (%) - ensino médio completo ou equivalente;30,1
2020 T4;Brasil;Percentual das pessoas de 14 anos ou mais de idade (%) - ensino médio completo ou equivalente;29,8
2021 T1;Brasil;Percentual das pessoas de 14 anos ou mais de idade (%) - ensino médio completo ou equivalente;30
2021 T2;Brasil;Percentual das pessoas de 14 anos ou mais de idade (%) - ensino médio completo ou equivalente;30,1
2021 T3;Brasil;Percentual das pessoas de 14 anos ou mais de idade (%) - ensino médio completo ou equivalente;29,9
2021 T4;Brasil;Percentual das pessoas de 14 anos ou mais de idade (%) - ensino médio completo ou equivalente;30
2022 T1;Brasil;Percentual das pessoas de 14 anos ou mais de idade (%) - ensino médio completo ou equivalente;30,6
2022 T2;Brasil;Percentual das pessoas de 14 anos ou mais de idade (%) - ensino médio completo ou equivalente;30,6
2022 T3;Brasil;Percentual das pessoas de 14 anos ou mais de idade (%) - ensino médio completo ou equivalente;30,4
2022 T4;Brasil;Percentual das pessoas de 14 anos ou mais de idade (%) - ensino médio completo ou equivalente;30,4
2023 T1;Brasil;Percentual das pessoas de 14 anos ou mais de idade (%) - ensino médio completo ou equivalente;31
2023 T2;Brasil;Percentual das pessoas de 14 anos ou mais de idade (%) - ensino médio completo ou equivalente;31,1
2023 T3;Brasil;Percentual das pessoas de 14 anos ou mais de idade (%) - ensino médio completo ou equivalente;31,1
2023 T4;Brasil;Percentual das pessoas de 14 anos ou mais de idade (%) - ensino médio completo ou equivalente;31,2
2024 T1;Brasil;Percentual das pessoas de 14 anos ou mais de idade (%) - ensino médio completo ou equivalente;31,5
2024 T2;Brasil;Percentual das pessoas de 14 anos ou mais de idade (%) - ensino médio completo ou equivalente;31,6
2024 T3;Brasil;Percentual das pessoas de 14 anos ou mais de idade (%) - ensino médio completo ou equivalente;31,6
2024 T4;Brasil;Percentual das pessoas de 14 anos ou mais de idade (%) - ensino médio completo ou equivalente;32,2
2025 T1;Brasil;Percentual das pessoas de 14 anos ou mais de idade (%) - ensino médio completo ou equivalente;32,9
2025 T2;Brasil;Percentual das pessoas de 14 anos ou mais de idade (%) - ensino médio completo ou equivalente;32,3
2012 T1;Rio Grande do Sul ;Percentual das pessoas de 14 anos ou mais de idade (%) - ensino médio completo ou equivalente;22,3
2012 T2;Rio Grande do Sul ;Percentual das pessoas de 14 anos ou mais de idade (%) - ensino médio completo ou equivalente;22,1
2012 T3;Rio Grande do Sul ;Percentual das pessoas de 14 anos ou mais de idade (%) - ensino médio completo ou equivalente;22,2
2012 T4;Rio Grande do Sul ;Percentual das pessoas de 14 anos ou mais de idade (%) - ensino médio completo ou equivalente;22,4
2013 T1;Rio Grande do Sul ;Percentual das pessoas de 14 anos ou mais de idade (%) - ensino médio completo ou equivalente;23,7
2013 T2;Rio Grande do Sul ;Percentual das pessoas de 14 anos ou mais de idade (%) - ensino médio completo ou equivalente;23,4
2013 T3;Rio Grande do Sul ;Percentual das pessoas de 14 anos ou mais de idade (%) - ensino médio completo ou equivalente;23,5
2013 T4;Rio Grande do Sul ;Percentual das pessoas de 14 anos ou mais de idade (%) - ensino médio completo ou equivalente;23,6
2014 T1;Rio Grande do Sul ;Percentual das pessoas de 14 anos ou mais de idade (%) - ensino médio completo ou equivalente;23,8
2014 T2;Rio Grande do Sul ;Percentual das pessoas de 14 anos ou mais de idade (%) - ensino médio completo ou equivalente;23,7
2014 T3;Rio Grande do Sul ;Percentual das pessoas de 14 anos ou mais de idade (%) - ensino médio completo ou equivalente;23,3
2014 T4;Rio Grande do Sul ;Percentual das pessoas de 14 anos ou mais de idade (%) - ensino médio completo ou equivalente;22,9
2015 T1;Rio Grande do Sul ;Percentual das pessoas de 14 anos ou mais de idade (%) - ensino médio completo ou equivalente;23,6
2015 T2;Rio Grande do Sul ;Percentual das pessoas de 14 anos ou mais de idade (%) - ensino médio completo ou equivalente;24
2015 T3;Rio Grande do Sul ;Percentual das pessoas de 14 anos ou mais de idade (%) - ensino médio completo ou equivalente;23,7
2015 T4;Rio Grande do Sul ;Percentual das pessoas de 14 anos ou mais de idade (%) - ensino médio completo ou equivalente;24,6
2016 T1;Rio Grande do Sul ;Percentual das pessoas de 14 anos ou mais de idade (%) - ensino médio completo ou equivalente;24,7
2016 T2;Rio Grande do Sul ;Percentual das pessoas de 14 anos ou mais de idade (%) - ensino médio completo ou equivalente;24,5
2016 T3;Rio Grande do Sul ;Percentual das pessoas de 14 anos ou mais de idade (%) - ensino médio completo ou equivalente;24,2
2016 T4;Rio Grande do Sul ;Percentual das pessoas de 14 anos ou mais de idade (%) - ensino médio completo ou equivalente;25
2017 T1;Rio Grande do Sul ;Percentual das pessoas de 14 anos ou mais de idade (%) - ensino médio completo ou equivalente;24,7
2017 T2;Rio Grande do Sul ;Percentual das pessoas de 14 anos ou mais de idade (%) - ensino médio completo ou equivalente;24,1
2017 T3;Rio Grande do Sul ;Percentual das pessoas de 14 anos ou mais de idade (%) - ensino médio completo ou equivalente;24
2017 T4;Rio Grande do Sul ;Percentual das pessoas de 14 anos ou mais de idade (%) - ensino médio completo ou equivalente;23,9
2018 T1;Rio Grande do Sul ;Percentual das pessoas de 14 anos ou mais de idade (%) - ensino médio completo ou equivalente;24,4
2018 T2;Rio Grande do Sul ;Percentual das pessoas de 14 anos ou mais de idade (%) - ensino médio completo ou equivalente;24,2
2018 T3;Rio Grande do Sul ;Percentual das pessoas de 14 anos ou mais de idade (%) - ensino médio completo ou equivalente;24,9
2018 T4;Rio Grande do Sul ;Percentual das pessoas de 14 anos ou mais de idade (%) - ensino médio completo ou equivalente;25,3
2019 T1;Rio Grande do Sul ;Percentual das pessoas de 14 anos ou mais de idade (%) - ensino médio completo ou equivalente;26,3
2019 T2;Rio Grande do Sul ;Percentual das pessoas de 14 anos ou mais de idade (%) - ensino médio completo ou equivalente;26,3
2019 T3;Rio Grande do Sul ;Percentual das pessoas de 14 anos ou mais de idade (%) - ensino médio completo ou equivalente;25,9
2019 T4;Rio Grande do Sul ;Percentual das pessoas de 14 anos ou mais de idade (%) - ensino médio completo ou equivalente;25,5
2020 T1;Rio Grande do Sul ;Percentual das pessoas de 14 anos ou mais de idade (%) - ensino médio completo ou equivalente;25,7
2020 T2;Rio Grande do Sul ;Percentual das pessoas de 14 anos ou mais de idade (%) - ensino médio completo ou equivalente;
2020 T3;Rio Grande do Sul ;Percentual das pessoas de 14 anos ou mais de idade (%) - ensino médio completo ou equivalente;
2020 T4;Rio Grande do Sul ;Percentual das pessoas de 14 anos ou mais de idade (%) - ensino médio completo ou equivalente;
2021 T1;Rio Grande do Sul ;Percentual das pessoas de 14 anos ou mais de idade (%) - ensino médio completo ou equivalente;
2021 T2;Rio Grande do Sul ;Percentual das pessoas de 14 anos ou mais de idade (%) - ensino médio completo ou equivalente;
2021 T3;Rio Grande do Sul ;Percentual das pessoas de 14 anos ou mais de idade (%) - ensino médio completo ou equivalente;
2021 T4;Rio Grande do Sul ;Percentual das pessoas de 14 anos ou mais de idade (%) - ensino médio completo ou equivalente;
2022 T1;Rio Grande do Sul ;Percentual das pessoas de 14 anos ou mais de idade (%) - ensino médio completo ou equivalente;
2022 T2;Rio Grande do Sul ;Percentual das pessoas de 14 anos ou mais de idade (%) - ensino médio completo ou equivalente;26,3
2022 T3;Rio Grande do Sul ;Percentual das pessoas de 14 anos ou mais de idade (%) - ensino médio completo ou equivalente;26,5
2022 T4;Rio Grande do Sul ;Percentual das pessoas de 14 anos ou mais de idade (%) - ensino médio completo ou equivalente;26,5
2023 T1;Rio Grande do Sul ;Percentual das pessoas de 14 anos ou mais de idade (%) - ensino médio completo ou equivalente;27,3
2023 T2;Rio Grande do Sul ;Percentual das pessoas de 14 anos ou mais de idade (%) - ensino médio completo ou equivalente;27,2
2023 T3;Rio Grande do Sul ;Percentual das pessoas de 14 anos ou mais de idade (%) - ensino médio completo ou equivalente;27
2023 T4;Rio Grande do Sul ;Percentual das pessoas de 14 anos ou mais de idade (%) - ensino médio completo ou equivalente;27,3
2024 T1;Rio Grande do Sul ;Percentual das pessoas de 14 anos ou mais de idade (%) - ensino médio completo ou equivalente;28,1
2024 T2;Rio Grande do Sul ;Percentual das pessoas de 14 anos ou mais de idade (%) - ensino médio completo ou equivalente;28
2024 T3;Rio Grande do Sul ;Percentual das pessoas de 14 anos ou mais de idade (%) - ensino médio completo ou equivalente;28,1
2024 T4;Rio Grande do Sul ;Percentual das pessoas de 14 anos ou mais de idade (%) - ensino médio completo ou equivalente;29,4
2025 T1;Rio Grande do Sul ;Percentual das pessoas de 14 anos ou mais de idade (%) - ensino médio completo ou equivalente;29,5
2025 T2;Rio Grande do Sul ;Percentual das pessoas de 14 anos ou mais de idade (%) - ensino médio completo ou equivalente;28,5
2012 T1;Brasil;Percentual das pessoas de 14 anos ou mais de idade (%) - ensino médio incompleto ou equivalente;7,9
2012 T2;Brasil;Percentual das pessoas de 14 anos ou mais de idade (%) - ensino médio incompleto ou equivalente;7,9
2012 T3;Brasil;Percentual das pessoas de 14 anos ou mais de idade (%) - ensino médio incompleto ou equivalente;7,7
2012 T4;Brasil;Percentual das pessoas de 14 anos ou mais de idade (%) - ensino médio incompleto ou equivalente;7,5
2013 T1;Brasil;Percentual das pessoas de 14 anos ou mais de idade (%) - ensino médio incompleto ou equivalente;7,7
2013 T2;Brasil;Percentual das pessoas de 14 anos ou mais de idade (%) - ensino médio incompleto ou equivalente;7,8
2013 T3;Brasil;Percentual das pessoas de 14 anos ou mais de idade (%) - ensino médio incompleto ou equivalente;7,7
2013 T4;Brasil;Percentual das pessoas de 14 anos ou mais de idade (%) - ensino médio incompleto ou equivalente;7,6
2014 T1;Brasil;Percentual das pessoas de 14 anos ou mais de idade (%) - ensino médio incompleto ou equivalente;7,9
2014 T2;Brasil;Percentual das pessoas de 14 anos ou mais de idade (%) - ensino médio incompleto ou equivalente;7,8
2014 T3;Brasil;Percentual das pessoas de 14 anos ou mais de idade (%) - ensino médio incompleto ou equivalente;7,8
2014 T4;Brasil;Percentual das pessoas de 14 anos ou mais de idade (%) - ensino médio incompleto ou equivalente;7,6
2015 T1;Brasil;Percentual das pessoas de 14 anos ou mais de idade (%) - ensino médio incompleto ou equivalente;7,8
2015 T2;Brasil;Percentual das pessoas de 14 anos ou mais de idade (%) - ensino médio incompleto ou equivalente;8
2015 T3;Brasil;Percentual das pessoas de 14 anos ou mais de idade (%) - ensino médio incompleto ou equivalente;7,8
2015 T4;Brasil;Percentual das pessoas de 14 anos ou mais de idade (%) - ensino médio incompleto ou equivalente;7,7
2016 T1;Brasil;Percentual das pessoas de 14 anos ou mais de idade (%) - ensino médio incompleto ou equivalente;7,9
2016 T2;Brasil;Percentual das pessoas de 14 anos ou mais de idade (%) - ensino médio incompleto ou equivalente;8
2016 T3;Brasil;Percentual das pessoas de 14 anos ou mais de idade (%) - ensino médio incompleto ou equivalente;8,1
2016 T4;Brasil;Percentual das pessoas de 14 anos ou mais de idade (%) - ensino médio incompleto ou equivalente;8,1
2017 T1;Brasil;Percentual das pessoas de 14 anos ou mais de idade (%) - ensino médio incompleto ou equivalente;8,1
2017 T2;Brasil;Percentual das pessoas de 14 anos ou mais de idade (%) - ensino médio incompleto ou equivalente;8,3
2017 T3;Brasil;Percentual das pessoas de 14 anos ou mais de idade (%) - ensino médio incompleto ou equivalente;8,3
2017 T4;Brasil;Percentual das pessoas de 14 anos ou mais de idade (%) - ensino médio incompleto ou equivalente;8,1
2018 T1;Brasil;Percentual das pessoas de 14 anos ou mais de idade (%) - ensino médio incompleto ou equivalente;8,2
2018 T2;Brasil;Percentual das pessoas de 14 anos ou mais de idade (%) - ensino médio incompleto ou equivalente;8,3
2018 T3;Brasil;Percentual das pessoas de 14 anos ou mais de idade (%) - ensino médio incompleto ou equivalente;8,3
2018 T4;Brasil;Percentual das pessoas de 14 anos ou mais de idade (%) - ensino médio incompleto ou equivalente;8,1
2019 T1;Brasil;Percentual das pessoas de 14 anos ou mais de idade (%) - ensino médio incompleto ou equivalente;8,2
2019 T2;Brasil;Percentual das pessoas de 14 anos ou mais de idade (%) - ensino médio incompleto ou equivalente;8,2
2019 T3;Brasil;Percentual das pessoas de 14 anos ou mais de idade (%) - ensino médio incompleto ou equivalente;8,3
2019 T4;Brasil;Percentual das pessoas de 14 anos ou mais de idade (%) - ensino médio incompleto ou equivalente;8,1
2020 T1;Brasil;Percentual das pessoas de 14 anos ou mais de idade (%) - ensino médio incompleto ou equivalente;8,1
2020 T2;Brasil;Percentual das pessoas de 14 anos ou mais de idade (%) - ensino médio incompleto ou equivalente;8
2020 T3;Brasil;Percentual das pessoas de 14 anos ou mais de idade (%) - ensino médio incompleto ou equivalente;7,9
2020 T4;Brasil;Percentual das pessoas de 14 anos ou mais de idade (%) - ensino médio incompleto ou equivalente;7,9
2021 T1;Brasil;Percentual das pessoas de 14 anos ou mais de idade (%) - ensino médio incompleto ou equivalente;8,2
2021 T2;Brasil;Percentual das pessoas de 14 anos ou mais de idade (%) - ensino médio incompleto ou equivalente;8,3
2021 T3;Brasil;Percentual das pessoas de 14 anos ou mais de idade (%) - ensino médio incompleto ou equivalente;8,3
2021 T4;Brasil;Percentual das pessoas de 14 anos ou mais de idade (%) - ensino médio incompleto ou equivalente;8,3
2022 T1;Brasil;Percentual das pessoas de 14 anos ou mais de idade (%) - ensino médio incompleto ou equivalente;8,4
2022 T2;Brasil;Percentual das pessoas de 14 anos ou mais de idade (%) - ensino médio incompleto ou equivalente;8,3
2022 T3;Brasil;Percentual das pessoas de 14 anos ou mais de idade (%) - ensino médio incompleto ou equivalente;8,2
2022 T4;Brasil;Percentual das pessoas de 14 anos ou mais de idade (%) - ensino médio incompleto ou equivalente;8,3
2023 T1;Brasil;Percentual das pessoas de 14 anos ou mais de idade (%) - ensino médio incompleto ou equivalente;8,4
2023 T2;Brasil;Percentual das pessoas de 14 anos ou mais de idade (%) - ensino médio incompleto ou equivalente;8,2
2023 T3;Brasil;Percentual das pessoas de 14 anos ou mais de idade (%) - ensino médio incompleto ou equivalente;8,2
2023 T4;Brasil;Percentual das pessoas de 14 anos ou mais de idade (%) - ensino médio incompleto ou equivalente;8
2024 T1;Brasil;Percentual das pessoas de 14 anos ou mais de idade (%) - ensino médio incompleto ou equivalente;8,2
2024 T2;Brasil;Percentual das pessoas de 14 anos ou mais de idade (%) - ensino médio incompleto ou equivalente;8,1
2024 T3;Brasil;Percentual das pessoas de 14 anos ou mais de idade (%) - ensino médio incompleto ou equivalente;8,1
2024 T4;Brasil;Percentual das pessoas de 14 anos ou mais de idade (%) - ensino médio incompleto ou equivalente;8
2025 T1;Brasil;Percentual das pessoas de 14 anos ou mais de idade (%) - ensino médio incompleto ou equivalente;7,9
2025 T2;Brasil;Percentual das pessoas de 14 anos ou mais de idade (%) - ensino médio incompleto ou equivalente;8
2012 T1;Rio Grande do Sul ;Percentual das pessoas de 14 anos ou mais de idade (%) - ensino médio incompleto ou equivalente;7,5
2012 T2;Rio Grande do Sul ;Percentual das pessoas de 14 anos ou mais de idade (%) - ensino médio incompleto ou equivalente;7,6
2012 T3;Rio Grande do Sul ;Percentual das pessoas de 14 anos ou mais de idade (%) - ensino médio incompleto ou equivalente;7,6
2012 T4;Rio Grande do Sul ;Percentual das pessoas de 14 anos ou mais de idade (%) - ensino médio incompleto ou equivalente;7,5
2013 T1;Rio Grande do Sul ;Percentual das pessoas de 14 anos ou mais de idade (%) - ensino médio incompleto ou equivalente;7,2
2013 T2;Rio Grande do Sul ;Percentual das pessoas de 14 anos ou mais de idade (%) - ensino médio incompleto ou equivalente;7,4
2013 T3;Rio Grande do Sul ;Percentual das pessoas de 14 anos ou mais de idade (%) - ensino médio incompleto ou equivalente;7,3
2013 T4;Rio Grande do Sul ;Percentual das pessoas de 14 anos ou mais de idade (%) - ensino médio incompleto ou equivalente;7,4
2014 T1;Rio Grande do Sul ;Percentual das pessoas de 14 anos ou mais de idade (%) - ensino médio incompleto ou equivalente;7,8
2014 T2;Rio Grande do Sul ;Percentual das pessoas de 14 anos ou mais de idade (%) - ensino médio incompleto ou equivalente;7,9
2014 T3;Rio Grande do Sul ;Percentual das pessoas de 14 anos ou mais de idade (%) - ensino médio incompleto ou equivalente;7,8
2014 T4;Rio Grande do Sul ;Percentual das pessoas de 14 anos ou mais de idade (%) - ensino médio incompleto ou equivalente;7,4
2015 T1;Rio Grande do Sul ;Percentual das pessoas de 14 anos ou mais de idade (%) - ensino médio incompleto ou equivalente;7,6
2015 T2;Rio Grande do Sul ;Percentual das pessoas de 14 anos ou mais de idade (%) - ensino médio incompleto ou equivalente;7,5
2015 T3;Rio Grande do Sul ;Percentual das pessoas de 14 anos ou mais de idade (%) - ensino médio incompleto ou equivalente;7,3
2015 T4;Rio Grande do Sul ;Percentual das pessoas de 14 anos ou mais de idade (%) - ensino médio incompleto ou equivalente;7,4
2016 T1;Rio Grande do Sul ;Percentual das pessoas de 14 anos ou mais de idade (%) - ensino médio incompleto ou equivalente;7,7
2016 T2;Rio Grande do Sul ;Percentual das pessoas de 14 anos ou mais de idade (%) - ensino médio incompleto ou equivalente;7,7
2016 T3;Rio Grande do Sul ;Percentual das pessoas de 14 anos ou mais de idade (%) - ensino médio incompleto ou equivalente;7,7
2016 T4;Rio Grande do Sul ;Percentual das pessoas de 14 anos ou mais de idade (%) - ensino médio incompleto ou equivalente;7,4
2017 T1;Rio Grande do Sul ;Percentual das pessoas de 14 anos ou mais de idade (%) - ensino médio incompleto ou equivalente;7,4
2017 T2;Rio Grande do Sul ;Percentual das pessoas de 14 anos ou mais de idade (%) - ensino médio incompleto ou equivalente;7,4
2017 T3;Rio Grande do Sul ;Percentual das pessoas de 14 anos ou mais de idade (%) - ensino médio incompleto ou equivalente;7,7
2017 T4;Rio Grande do Sul ;Percentual das pessoas de 14 anos ou mais de idade (%) - ensino médio incompleto ou equivalente;7,3
2018 T1;Rio Grande do Sul ;Percentual das pessoas de 14 anos ou mais de idade (%) - ensino médio incompleto ou equivalente;7,4
2018 T2;Rio Grande do Sul ;Percentual das pessoas de 14 anos ou mais de idade (%) - ensino médio incompleto ou equivalente;7,5
2018 T3;Rio Grande do Sul ;Percentual das pessoas de 14 anos ou mais de idade (%) - ensino médio incompleto ou equivalente;7,2
2018 T4;Rio Grande do Sul ;Percentual das pessoas de 14 anos ou mais de idade (%) - ensino médio incompleto ou equivalente;7,4
2019 T1;Rio Grande do Sul ;Percentual das pessoas de 14 anos ou mais de idade (%) - ensino médio incompleto ou equivalente;7,5
2019 T2;Rio Grande do Sul ;Percentual das pessoas de 14 anos ou mais de idade (%) - ensino médio incompleto ou equivalente;7,5
2019 T3;Rio Grande do Sul ;Percentual das pessoas de 14 anos ou mais de idade (%) - ensino médio incompleto ou equivalente;7,4
2019 T4;Rio Grande do Sul ;Percentual das pessoas de 14 anos ou mais de idade (%) - ensino médio incompleto ou equivalente;7,4
2020 T1;Rio Grande do Sul ;Percentual das pessoas de 14 anos ou mais de idade (%) - ensino médio incompleto ou equivalente;7,5
2020 T2;Rio Grande do Sul ;Percentual das pessoas de 14 anos ou mais de idade (%) - ensino médio incompleto ou equivalente;
2020 T3;Rio Grande do Sul ;Percentual das pessoas de 14 anos ou mais de idade (%) - ensino médio incompleto ou equivalente;
2020 T4;Rio Grande do Sul ;Percentual das pessoas de 14 anos ou mais de idade (%) - ensino médio incompleto ou equivalente;
2021 T1;Rio Grande do Sul ;Percentual das pessoas de 14 anos ou mais de idade (%) - ensino médio incompleto ou equivalente;
2021 T2;Rio Grande do Sul ;Percentual das pessoas de 14 anos ou mais de idade (%) - ensino médio incompleto ou equivalente;
2021 T3;Rio Grande do Sul ;Percentual das pessoas de 14 anos ou mais de idade (%) - ensino médio incompleto ou equivalente;
2021 T4;Rio Grande do Sul ;Percentual das pessoas de 14 anos ou mais de idade (%) - ensino médio incompleto ou equivalente;
2022 T1;Rio Grande do Sul ;Percentual das pessoas de 14 anos ou mais de idade (%) - ensino médio incompleto ou equivalente;
2022 T2;Rio Grande do Sul ;Percentual das pessoas de 14 anos ou mais de idade (%) - ensino médio incompleto ou equivalente;7,8
2022 T3;Rio Grande do Sul ;Percentual das pessoas de 14 anos ou mais de idade (%) - ensino médio incompleto ou equivalente;7,7
2022 T4;Rio Grande do Sul ;Percentual das pessoas de 14 anos ou mais de idade (%) - ensino médio incompleto ou equivalente;8,1
2023 T1;Rio Grande do Sul ;Percentual das pessoas de 14 anos ou mais de idade (%) - ensino médio incompleto ou equivalente;8,3
2023 T2;Rio Grande do Sul ;Percentual das pessoas de 14 anos ou mais de idade (%) - ensino médio incompleto ou equivalente;8,5
2023 T3;Rio Grande do Sul ;Percentual das pessoas de 14 anos ou mais de idade (%) - ensino médio incompleto ou equivalente;8,3
2023 T4;Rio Grande do Sul ;Percentual das pessoas de 14 anos ou mais de idade (%) - ensino médio incompleto ou equivalente;7,6
2024 T1;Rio Grande do Sul ;Percentual das pessoas de 14 anos ou mais de idade (%) - ensino médio incompleto ou equivalente;7,7
2024 T2;Rio Grande do Sul ;Percentual das pessoas de 14 anos ou mais de idade (%) - ensino médio incompleto ou equivalente;7,7
2024 T3;Rio Grande do Sul ;Percentual das pessoas de 14 anos ou mais de idade (%) - ensino médio incompleto ou equivalente;7,9
2024 T4;Rio Grande do Sul ;Percentual das pessoas de 14 anos ou mais de idade (%) - ensino médio incompleto ou equivalente;7,4
2025 T1;Rio Grande do Sul ;Percentual das pessoas de 14 anos ou mais de idade (%) - ensino médio incompleto ou equivalente;7,1
2025 T2;Rio Grande do Sul ;Percentual das pessoas de 14 anos ou mais de idade (%) - ensino médio incompleto ou equivalente;7,8
2012 T1;Brasil;Percentual das pessoas de 14 anos ou mais de idade (%) - ensino superior completo ou equivalente;10,1
2012 T2;Brasil;Percentual das pessoas de 14 anos ou mais de idade (%) - ensino superior completo ou equivalente;10,1
2012 T3;Brasil;Percentual das pessoas de 14 anos ou mais de idade (%) - ensino superior completo ou equivalente;10,2
2012 T4;Brasil;Percentual das pessoas de 14 anos ou mais de idade (%) - ensino superior completo ou equivalente;10,4
2013 T1;Brasil;Percentual das pessoas de 14 anos ou mais de idade (%) - ensino superior completo ou equivalente;10,5
2013 T2;Brasil;Percentual das pessoas de 14 anos ou mais de idade (%) - ensino superior completo ou equivalente;10,5
2013 T3;Brasil;Percentual das pessoas de 14 anos ou mais de idade (%) - ensino superior completo ou equivalente;10,6
2013 T4;Brasil;Percentual das pessoas de 14 anos ou mais de idade (%) - ensino superior completo ou equivalente;10,6
2014 T1;Brasil;Percentual das pessoas de 14 anos ou mais de idade (%) - ensino superior completo ou equivalente;10,9
2014 T2;Brasil;Percentual das pessoas de 14 anos ou mais de idade (%) - ensino superior completo ou equivalente;11
2014 T3;Brasil;Percentual das pessoas de 14 anos ou mais de idade (%) - ensino superior completo ou equivalente;11
2014 T4;Brasil;Percentual das pessoas de 14 anos ou mais de idade (%) - ensino superior completo ou equivalente;11,3
2015 T1;Brasil;Percentual das pessoas de 14 anos ou mais de idade (%) - ensino superior completo ou equivalente;11,7
2015 T2;Brasil;Percentual das pessoas de 14 anos ou mais de idade (%) - ensino superior completo ou equivalente;11,8
2015 T3;Brasil;Percentual das pessoas de 14 anos ou mais de idade (%) - ensino superior completo ou equivalente;12,1
2015 T4;Brasil;Percentual das pessoas de 14 anos ou mais de idade (%) - ensino superior completo ou equivalente;12,2
2016 T1;Brasil;Percentual das pessoas de 14 anos ou mais de idade (%) - ensino superior completo ou equivalente;12,6
2016 T2;Brasil;Percentual das pessoas de 14 anos ou mais de idade (%) - ensino superior completo ou equivalente;12,5
2016 T3;Brasil;Percentual das pessoas de 14 anos ou mais de idade (%) - ensino superior completo ou equivalente;12,6
2016 T4;Brasil;Percentual das pessoas de 14 anos ou mais de idade (%) - ensino superior completo ou equivalente;12,7
2017 T1;Brasil;Percentual das pessoas de 14 anos ou mais de idade (%) - ensino superior completo ou equivalente;13
2017 T2;Brasil;Percentual das pessoas de 14 anos ou mais de idade (%) - ensino superior completo ou equivalente;12,9
2017 T3;Brasil;Percentual das pessoas de 14 anos ou mais de idade (%) - ensino superior completo ou equivalente;13,1
2017 T4;Brasil;Percentual das pessoas de 14 anos ou mais de idade (%) - ensino superior completo ou equivalente;13,2
2018 T1;Brasil;Percentual das pessoas de 14 anos ou mais de idade (%) - ensino superior completo ou equivalente;13,5
2018 T2;Brasil;Percentual das pessoas de 14 anos ou mais de idade (%) - ensino superior completo ou equivalente;13,6
2018 T3;Brasil;Percentual das pessoas de 14 anos ou mais de idade (%) - ensino superior completo ou equivalente;13,8
2018 T4;Brasil;Percentual das pessoas de 14 anos ou mais de idade (%) - ensino superior completo ou equivalente;14,2
2019 T1;Brasil;Percentual das pessoas de 14 anos ou mais de idade (%) - ensino superior completo ou equivalente;14,5
2019 T2;Brasil;Percentual das pessoas de 14 anos ou mais de idade (%) - ensino superior completo ou equivalente;14,4
2019 T3;Brasil;Percentual das pessoas de 14 anos ou mais de idade (%) - ensino superior completo ou equivalente;14,5
2019 T4;Brasil;Percentual das pessoas de 14 anos ou mais de idade (%) - ensino superior completo ou equivalente;14,7
2020 T1;Brasil;Percentual das pessoas de 14 anos ou mais de idade (%) - ensino superior completo ou equivalente;15,1
2020 T2;Brasil;Percentual das pessoas de 14 anos ou mais de idade (%) - ensino superior completo ou equivalente;15,8
2020 T3;Brasil;Percentual das pessoas de 14 anos ou mais de idade (%) - ensino superior completo ou equivalente;15,9
2020 T4;Brasil;Percentual das pessoas de 14 anos ou mais de idade (%) - ensino superior completo ou equivalente;16,4
2021 T1;Brasil;Percentual das pessoas de 14 anos ou mais de idade (%) - ensino superior completo ou equivalente;16,7
2021 T2;Brasil;Percentual das pessoas de 14 anos ou mais de idade (%) - ensino superior completo ou equivalente;16,4
2021 T3;Brasil;Percentual das pessoas de 14 anos ou mais de idade (%) - ensino superior completo ou equivalente;15,7
2021 T4;Brasil;Percentual das pessoas de 14 anos ou mais de idade (%) - ensino superior completo ou equivalente;15,7
2022 T1;Brasil;Percentual das pessoas de 14 anos ou mais de idade (%) - ensino superior completo ou equivalente;15,9
2022 T2;Brasil;Percentual das pessoas de 14 anos ou mais de idade (%) - ensino superior completo ou equivalente;16
2022 T3;Brasil;Percentual das pessoas de 14 anos ou mais de idade (%) - ensino superior completo ou equivalente;16,1
2022 T4;Brasil;Percentual das pessoas de 14 anos ou mais de idade (%) - ensino superior completo ou equivalente;16,4
2023 T1;Brasil;Percentual das pessoas de 14 anos ou mais de idade (%) - ensino superior completo ou equivalente;16,4
2023 T2;Brasil;Percentual das pessoas de 14 anos ou mais de idade (%) - ensino superior completo ou equivalente;16,5
2023 T3;Brasil;Percentual das pessoas de 14 anos ou mais de idade (%) - ensino superior completo ou equivalente;16,7
2023 T4;Brasil;Percentual das pessoas de 14 anos ou mais de idade (%) - ensino superior completo ou equivalente;17
2024 T1;Brasil;Percentual das pessoas de 14 anos ou mais de idade (%) - ensino superior completo ou equivalente;17,2
2024 T2;Brasil;Percentual das pessoas de 14 anos ou mais de idade (%) - ensino superior completo ou equivalente;17,3
2024 T3;Brasil;Percentual das pessoas de 14 anos ou mais de idade (%) - ensino superior completo ou equivalente;17,3
2024 T4;Brasil;Percentual das pessoas de 14 anos ou mais de idade (%) - ensino superior completo ou equivalente;17,5
2025 T1;Brasil;Percentual das pessoas de 14 anos ou mais de idade (%) - ensino superior completo ou equivalente;17,8
2025 T2;Brasil;Percentual das pessoas de 14 anos ou mais de idade (%) - ensino superior completo ou equivalente;18
2012 T1;Rio Grande do Sul ;Percentual das pessoas de 14 anos ou mais de idade (%) - ensino superior completo ou equivalente;10
2012 T2;Rio Grande do Sul ;Percentual das pessoas de 14 anos ou mais de idade (%) - ensino superior completo ou equivalente;9,8
2012 T3;Rio Grande do Sul ;Percentual das pessoas de 14 anos ou mais de idade (%) - ensino superior completo ou equivalente;9,9
2012 T4;Rio Grande do Sul ;Percentual das pessoas de 14 anos ou mais de idade (%) - ensino superior completo ou equivalente;10,2
2013 T1;Rio Grande do Sul ;Percentual das pessoas de 14 anos ou mais de idade (%) - ensino superior completo ou equivalente;10,5
2013 T2;Rio Grande do Sul ;Percentual das pessoas de 14 anos ou mais de idade (%) - ensino superior completo ou equivalente;10,9
2013 T3;Rio Grande do Sul ;Percentual das pessoas de 14 anos ou mais de idade (%) - ensino superior completo ou equivalente;11,4
2013 T4;Rio Grande do Sul ;Percentual das pessoas de 14 anos ou mais de idade (%) - ensino superior completo ou equivalente;11,1
2014 T1;Rio Grande do Sul ;Percentual das pessoas de 14 anos ou mais de idade (%) - ensino superior completo ou equivalente;11,6
2014 T2;Rio Grande do Sul ;Percentual das pessoas de 14 anos ou mais de idade (%) - ensino superior completo ou equivalente;11,5
2014 T3;Rio Grande do Sul ;Percentual das pessoas de 14 anos ou mais de idade (%) - ensino superior completo ou equivalente;11,4
2014 T4;Rio Grande do Sul ;Percentual das pessoas de 14 anos ou mais de idade (%) - ensino superior completo ou equivalente;11,3
2015 T1;Rio Grande do Sul ;Percentual das pessoas de 14 anos ou mais de idade (%) - ensino superior completo ou equivalente;12,4
2015 T2;Rio Grande do Sul ;Percentual das pessoas de 14 anos ou mais de idade (%) - ensino superior completo ou equivalente;12
2015 T3;Rio Grande do Sul ;Percentual das pessoas de 14 anos ou mais de idade (%) - ensino superior completo ou equivalente;12,2
2015 T4;Rio Grande do Sul ;Percentual das pessoas de 14 anos ou mais de idade (%) - ensino superior completo ou equivalente;12,7
2016 T1;Rio Grande do Sul ;Percentual das pessoas de 14 anos ou mais de idade (%) - ensino superior completo ou equivalente;12,9
2016 T2;Rio Grande do Sul ;Percentual das pessoas de 14 anos ou mais de idade (%) - ensino superior completo ou equivalente;13,2
2016 T3;Rio Grande do Sul ;Percentual das pessoas de 14 anos ou mais de idade (%) - ensino superior completo ou equivalente;13,4
2016 T4;Rio Grande do Sul ;Percentual das pessoas de 14 anos ou mais de idade (%) - ensino superior completo ou equivalente;13,2
2017 T1;Rio Grande do Sul ;Percentual das pessoas de 14 anos ou mais de idade (%) - ensino superior completo ou equivalente;13,5
2017 T2;Rio Grande do Sul ;Percentual das pessoas de 14 anos ou mais de idade (%) - ensino superior completo ou equivalente;13,2
2017 T3;Rio Grande do Sul ;Percentual das pessoas de 14 anos ou mais de idade (%) - ensino superior completo ou equivalente;13,5
2017 T4;Rio Grande do Sul ;Percentual das pessoas de 14 anos ou mais de idade (%) - ensino superior completo ou equivalente;13,8
2018 T1;Rio Grande do Sul ;Percentual das pessoas de 14 anos ou mais de idade (%) - ensino superior completo ou equivalente;13,9
2018 T2;Rio Grande do Sul ;Percentual das pessoas de 14 anos ou mais de idade (%) - ensino superior completo ou equivalente;13,8
2018 T3;Rio Grande do Sul ;Percentual das pessoas de 14 anos ou mais de idade (%) - ensino superior completo ou equivalente;14,2
2018 T4;Rio Grande do Sul ;Percentual das pessoas de 14 anos ou mais de idade (%) - ensino superior completo ou equivalente;14,2
2019 T1;Rio Grande do Sul ;Percentual das pessoas de 14 anos ou mais de idade (%) - ensino superior completo ou equivalente;14,5
2019 T2;Rio Grande do Sul ;Percentual das pessoas de 14 anos ou mais de idade (%) - ensino superior completo ou equivalente;14,5
2019 T3;Rio Grande do Sul ;Percentual das pessoas de 14 anos ou mais de idade (%) - ensino superior completo ou equivalente;14,6
2019 T4;Rio Grande do Sul ;Percentual das pessoas de 14 anos ou mais de idade (%) - ensino superior completo ou equivalente;15,3
2020 T1;Rio Grande do Sul ;Percentual das pessoas de 14 anos ou mais de idade (%) - ensino superior completo ou equivalente;15,5
2020 T2;Rio Grande do Sul ;Percentual das pessoas de 14 anos ou mais de idade (%) - ensino superior completo ou equivalente;
2020 T3;Rio Grande do Sul ;Percentual das pessoas de 14 anos ou mais de idade (%) - ensino superior completo ou equivalente;
2020 T4;Rio Grande do Sul ;Percentual das pessoas de 14 anos ou mais de idade (%) - ensino superior completo ou equivalente;
2021 T1;Rio Grande do Sul ;Percentual das pessoas de 14 anos ou mais de idade (%) - ensino superior completo ou equivalente;
2021 T2;Rio Grande do Sul ;Percentual das pessoas de 14 anos ou mais de idade (%) - ensino superior completo ou equivalente;
2021 T3;Rio Grande do Sul ;Percentual das pessoas de 14 anos ou mais de idade (%) - ensino superior completo ou equivalente;
2021 T4;Rio Grande do Sul ;Percentual das pessoas de 14 anos ou mais de idade (%) - ensino superior completo ou equivalente;
2022 T1;Rio Grande do Sul ;Percentual das pessoas de 14 anos ou mais de idade (%) - ensino superior completo ou equivalente;
2022 T2;Rio Grande do Sul ;Percentual das pessoas de 14 anos ou mais de idade (%) - ensino superior completo ou equivalente;16,7
2022 T3;Rio Grande do Sul ;Percentual das pessoas de 14 anos ou mais de idade (%) - ensino superior completo ou equivalente;16,9
2022 T4;Rio Grande do Sul ;Percentual das pessoas de 14 anos ou mais de idade (%) - ensino superior completo ou equivalente;16,8
2023 T1;Rio Grande do Sul ;Percentual das pessoas de 14 anos ou mais de idade (%) - ensino superior completo ou equivalente;16,7
2023 T2;Rio Grande do Sul ;Percentual das pessoas de 14 anos ou mais de idade (%) - ensino superior completo ou equivalente;16,4
2023 T3;Rio Grande do Sul ;Percentual das pessoas de 14 anos ou mais de idade (%) - ensino superior completo ou equivalente;16,8
2023 T4;Rio Grande do Sul ;Percentual das pessoas de 14 anos ou mais de idade (%) - ensino superior completo ou equivalente;17,3
2024 T1;Rio Grande do Sul ;Percentual das pessoas de 14 anos ou mais de idade (%) - ensino superior completo ou equivalente;17,6
2024 T2;Rio Grande do Sul ;Percentual das pessoas de 14 anos ou mais de idade (%) - ensino superior completo ou equivalente;17,9
2024 T3;Rio Grande do Sul ;Percentual das pessoas de 14 anos ou mais de idade (%) - ensino superior completo ou equivalente;18
2024 T4;Rio Grande do Sul ;Percentual das pessoas de 14 anos ou mais de idade (%) - ensino superior completo ou equivalente;17,8
2025 T1;Rio Grande do Sul ;Percentual das pessoas de 14 anos ou mais de idade (%) - ensino superior completo ou equivalente;18,4
2025 T2;Rio Grande do Sul ;Percentual das pessoas de 14 anos ou mais de idade (%) - ensino superior completo ou equivalente;18,6
2012 T1;Brasil;Percentual das pessoas de 14 anos ou mais de idade (%) - ensino superior incompleto ou equivalente;4,4
2012 T2;Brasil;Percentual das pessoas de 14 anos ou mais de idade (%) - ensino superior incompleto ou equivalente;4,4
2012 T3;Brasil;Percentual das pessoas de 14 anos ou mais de idade (%) - ensino superior incompleto ou equivalente;4,4
2012 T4;Brasil;Percentual das pessoas de 14 anos ou mais de idade (%) - ensino superior incompleto ou equivalente;4,3
2013 T1;Brasil;Percentual das pessoas de 14 anos ou mais de idade (%) - ensino superior incompleto ou equivalente;4,5
2013 T2;Brasil;Percentual das pessoas de 14 anos ou mais de idade (%) - ensino superior incompleto ou equivalente;4,5
2013 T3;Brasil;Percentual das pessoas de 14 anos ou mais de idade (%) - ensino superior incompleto ou equivalente;4,5
2013 T4;Brasil;Percentual das pessoas de 14 anos ou mais de idade (%) - ensino superior incompleto ou equivalente;4,4
2014 T1;Brasil;Percentual das pessoas de 14 anos ou mais de idade (%) - ensino superior incompleto ou equivalente;4,6
2014 T2;Brasil;Percentual das pessoas de 14 anos ou mais de idade (%) - ensino superior incompleto ou equivalente;4,6
2014 T3;Brasil;Percentual das pessoas de 14 anos ou mais de idade (%) - ensino superior incompleto ou equivalente;4,7
2014 T4;Brasil;Percentual das pessoas de 14 anos ou mais de idade (%) - ensino superior incompleto ou equivalente;4,7
2015 T1;Brasil;Percentual das pessoas de 14 anos ou mais de idade (%) - ensino superior incompleto ou equivalente;5
2015 T2;Brasil;Percentual das pessoas de 14 anos ou mais de idade (%) - ensino superior incompleto ou equivalente;5
2015 T3;Brasil;Percentual das pessoas de 14 anos ou mais de idade (%) - ensino superior incompleto ou equivalente;5
2015 T4;Brasil;Percentual das pessoas de 14 anos ou mais de idade (%) - ensino superior incompleto ou equivalente;4,7
2016 T1;Brasil;Percentual das pessoas de 14 anos ou mais de idade (%) - ensino superior incompleto ou equivalente;4,9
2016 T2;Brasil;Percentual das pessoas de 14 anos ou mais de idade (%) - ensino superior incompleto ou equivalente;4,9
2016 T3;Brasil;Percentual das pessoas de 14 anos ou mais de idade (%) - ensino superior incompleto ou equivalente;4,8
2016 T4;Brasil;Percentual das pessoas de 14 anos ou mais de idade (%) - ensino superior incompleto ou equivalente;4,8
2017 T1;Brasil;Percentual das pessoas de 14 anos ou mais de idade (%) - ensino superior incompleto ou equivalente;4,9
2017 T2;Brasil;Percentual das pessoas de 14 anos ou mais de idade (%) - ensino superior incompleto ou equivalente;5,1
2017 T3;Brasil;Percentual das pessoas de 14 anos ou mais de idade (%) - ensino superior incompleto ou equivalente;5,2
2017 T4;Brasil;Percentual das pessoas de 14 anos ou mais de idade (%) - ensino superior incompleto ou equivalente;5,2
2018 T1;Brasil;Percentual das pessoas de 14 anos ou mais de idade (%) - ensino superior incompleto ou equivalente;5,4
2018 T2;Brasil;Percentual das pessoas de 14 anos ou mais de idade (%) - ensino superior incompleto ou equivalente;5,5
2018 T3;Brasil;Percentual das pessoas de 14 anos ou mais de idade (%) - ensino superior incompleto ou equivalente;5,5
2018 T4;Brasil;Percentual das pessoas de 14 anos ou mais de idade (%) - ensino superior incompleto ou equivalente;5,5
2019 T1;Brasil;Percentual das pessoas de 14 anos ou mais de idade (%) - ensino superior incompleto ou equivalente;5,6
2019 T2;Brasil;Percentual das pessoas de 14 anos ou mais de idade (%) - ensino superior incompleto ou equivalente;5,6
2019 T3;Brasil;Percentual das pessoas de 14 anos ou mais de idade (%) - ensino superior incompleto ou equivalente;5,5
2019 T4;Brasil;Percentual das pessoas de 14 anos ou mais de idade (%) - ensino superior incompleto ou equivalente;5,5
2020 T1;Brasil;Percentual das pessoas de 14 anos ou mais de idade (%) - ensino superior incompleto ou equivalente;5,7
2020 T2;Brasil;Percentual das pessoas de 14 anos ou mais de idade (%) - ensino superior incompleto ou equivalente;5,9
2020 T3;Brasil;Percentual das pessoas de 14 anos ou mais de idade (%) - ensino superior incompleto ou equivalente;5,8
2020 T4;Brasil;Percentual das pessoas de 14 anos ou mais de idade (%) - ensino superior incompleto ou equivalente;5,9
2021 T1;Brasil;Percentual das pessoas de 14 anos ou mais de idade (%) - ensino superior incompleto ou equivalente;5,9
2021 T2;Brasil;Percentual das pessoas de 14 anos ou mais de idade (%) - ensino superior incompleto ou equivalente;5,6
2021 T3;Brasil;Percentual das pessoas de 14 anos ou mais de idade (%) - ensino superior incompleto ou equivalente;5,4
2021 T4;Brasil;Percentual das pessoas de 14 anos ou mais de idade (%) - ensino superior incompleto ou equivalente;5,2
2022 T1;Brasil;Percentual das pessoas de 14 anos ou mais de idade (%) - ensino superior incompleto ou equivalente;5,3
2022 T2;Brasil;Percentual das pessoas de 14 anos ou mais de idade (%) - ensino superior incompleto ou equivalente;5,3
2022 T3;Brasil;Percentual das pessoas de 14 anos ou mais de idade (%) - ensino superior incompleto ou equivalente;5,4
2022 T4;Brasil;Percentual das pessoas de 14 anos ou mais de idade (%) - ensino superior incompleto ou equivalente;5,2
2023 T1;Brasil;Percentual das pessoas de 14 anos ou mais de idade (%) - ensino superior incompleto ou equivalente;5,3
2023 T2;Brasil;Percentual das pessoas de 14 anos ou mais de idade (%) - ensino superior incompleto ou equivalente;5,3
2023 T3;Brasil;Percentual das pessoas de 14 anos ou mais de idade (%) - ensino superior incompleto ou equivalente;5,3
2023 T4;Brasil;Percentual das pessoas de 14 anos ou mais de idade (%) - ensino superior incompleto ou equivalente;5,2
2024 T1;Brasil;Percentual das pessoas de 14 anos ou mais de idade (%) - ensino superior incompleto ou equivalente;5,4
2024 T2;Brasil;Percentual das pessoas de 14 anos ou mais de idade (%) - ensino superior incompleto ou equivalente;5,4
2024 T3;Brasil;Percentual das pessoas de 14 anos ou mais de idade (%) - ensino superior incompleto ou equivalente;5,3
2024 T4;Brasil;Percentual das pessoas de 14 anos ou mais de idade (%) - ensino superior incompleto ou equivalente;5,1
2025 T1;Brasil;Percentual das pessoas de 14 anos ou mais de idade (%) - ensino superior incompleto ou equivalente;5,3
2025 T2;Brasil;Percentual das pessoas de 14 anos ou mais de idade (%) - ensino superior incompleto ou equivalente;5,5
2012 T1;Rio Grande do Sul ;Percentual das pessoas de 14 anos ou mais de idade (%) - ensino superior incompleto ou equivalente;6,4
2012 T2;Rio Grande do Sul ;Percentual das pessoas de 14 anos ou mais de idade (%) - ensino superior incompleto ou equivalente;6,2
2012 T3;Rio Grande do Sul ;Percentual das pessoas de 14 anos ou mais de idade (%) - ensino superior incompleto ou equivalente;6,4
2012 T4;Rio Grande do Sul ;Percentual das pessoas de 14 anos ou mais de idade (%) - ensino superior incompleto ou equivalente;6,4
2013 T1;Rio Grande do Sul ;Percentual das pessoas de 14 anos ou mais de idade (%) - ensino superior incompleto ou equivalente;6,6
2013 T2;Rio Grande do Sul ;Percentual das pessoas de 14 anos ou mais de idade (%) - ensino superior incompleto ou equivalente;6,5
2013 T3;Rio Grande do Sul ;Percentual das pessoas de 14 anos ou mais de idade (%) - ensino superior incompleto ou equivalente;6,3
2013 T4;Rio Grande do Sul ;Percentual das pessoas de 14 anos ou mais de idade (%) - ensino superior incompleto ou equivalente;6,4
2014 T1;Rio Grande do Sul ;Percentual das pessoas de 14 anos ou mais de idade (%) - ensino superior incompleto ou equivalente;6,3
2014 T2;Rio Grande do Sul ;Percentual das pessoas de 14 anos ou mais de idade (%) - ensino superior incompleto ou equivalente;6,3
2014 T3;Rio Grande do Sul ;Percentual das pessoas de 14 anos ou mais de idade (%) - ensino superior incompleto ou equivalente;6,4
2014 T4;Rio Grande do Sul ;Percentual das pessoas de 14 anos ou mais de idade (%) - ensino superior incompleto ou equivalente;6,3
2015 T1;Rio Grande do Sul ;Percentual das pessoas de 14 anos ou mais de idade (%) - ensino superior incompleto ou equivalente;6,4
2015 T2;Rio Grande do Sul ;Percentual das pessoas de 14 anos ou mais de idade (%) - ensino superior incompleto ou equivalente;6,6
2015 T3;Rio Grande do Sul ;Percentual das pessoas de 14 anos ou mais de idade (%) - ensino superior incompleto ou equivalente;6,8
2015 T4;Rio Grande do Sul ;Percentual das pessoas de 14 anos ou mais de idade (%) - ensino superior incompleto ou equivalente;6,3
2016 T1;Rio Grande do Sul ;Percentual das pessoas de 14 anos ou mais de idade (%) - ensino superior incompleto ou equivalente;6,6
2016 T2;Rio Grande do Sul ;Percentual das pessoas de 14 anos ou mais de idade (%) - ensino superior incompleto ou equivalente;6,7
2016 T3;Rio Grande do Sul ;Percentual das pessoas de 14 anos ou mais de idade (%) - ensino superior incompleto ou equivalente;7,1
2016 T4;Rio Grande do Sul ;Percentual das pessoas de 14 anos ou mais de idade (%) - ensino superior incompleto ou equivalente;6,8
2017 T1;Rio Grande do Sul ;Percentual das pessoas de 14 anos ou mais de idade (%) - ensino superior incompleto ou equivalente;7,2
2017 T2;Rio Grande do Sul ;Percentual das pessoas de 14 anos ou mais de idade (%) - ensino superior incompleto ou equivalente;7,3
2017 T3;Rio Grande do Sul ;Percentual das pessoas de 14 anos ou mais de idade (%) - ensino superior incompleto ou equivalente;7
2017 T4;Rio Grande do Sul ;Percentual das pessoas de 14 anos ou mais de idade (%) - ensino superior incompleto ou equivalente;6,8
2018 T1;Rio Grande do Sul ;Percentual das pessoas de 14 anos ou mais de idade (%) - ensino superior incompleto ou equivalente;7,1
2018 T2;Rio Grande do Sul ;Percentual das pessoas de 14 anos ou mais de idade (%) - ensino superior incompleto ou equivalente;7,1
2018 T3;Rio Grande do Sul ;Percentual das pessoas de 14 anos ou mais de idade (%) - ensino superior incompleto ou equivalente;6,9
2018 T4;Rio Grande do Sul ;Percentual das pessoas de 14 anos ou mais de idade (%) - ensino superior incompleto ou equivalente;7,1
2019 T1;Rio Grande do Sul ;Percentual das pessoas de 14 anos ou mais de idade (%) - ensino superior incompleto ou equivalente;7,3
2019 T2;Rio Grande do Sul ;Percentual das pessoas de 14 anos ou mais de idade (%) - ensino superior incompleto ou equivalente;7,4
2019 T3;Rio Grande do Sul ;Percentual das pessoas de 14 anos ou mais de idade (%) - ensino superior incompleto ou equivalente;7
2019 T4;Rio Grande do Sul ;Percentual das pessoas de 14 anos ou mais de idade (%) - ensino superior incompleto ou equivalente;7,1
2020 T1;Rio Grande do Sul ;Percentual das pessoas de 14 anos ou mais de idade (%) - ensino superior incompleto ou equivalente;7,4
2020 T2;Rio Grande do Sul ;Percentual das pessoas de 14 anos ou mais de idade (%) - ensino superior incompleto ou equivalente;
2020 T3;Rio Grande do Sul ;Percentual das pessoas de 14 anos ou mais de idade (%) - ensino superior incompleto ou equivalente;
2020 T4;Rio Grande do Sul ;Percentual das pessoas de 14 anos ou mais de idade (%) - ensino superior incompleto ou equivalente;
2021 T1;Rio Grande do Sul ;Percentual das pessoas de 14 anos ou mais de idade (%) - ensino superior incompleto ou equivalente;
2021 T2;Rio Grande do Sul ;Percentual das pessoas de 14 anos ou mais de idade (%) - ensino superior incompleto ou equivalente;
2021 T3;Rio Grande do Sul ;Percentual das pessoas de 14 anos ou mais de idade (%) - ensino superior incompleto ou equivalente;
2021 T4;Rio Grande do Sul ;Percentual das pessoas de 14 anos ou mais de idade (%) - ensino superior incompleto ou equivalente;
2022 T1;Rio Grande do Sul ;Percentual das pessoas de 14 anos ou mais de idade (%) - ensino superior incompleto ou equivalente;
2022 T2;Rio Grande do Sul ;Percentual das pessoas de 14 anos ou mais de idade (%) - ensino superior incompleto ou equivalente;6,7
2022 T3;Rio Grande do Sul ;Percentual das pessoas de 14 anos ou mais de idade (%) - ensino superior incompleto ou equivalente;7
2022 T4;Rio Grande do Sul ;Percentual das pessoas de 14 anos ou mais de idade (%) - ensino superior incompleto ou equivalente;6,9
2023 T1;Rio Grande do Sul ;Percentual das pessoas de 14 anos ou mais de idade (%) - ensino superior incompleto ou equivalente;7,1
2023 T2;Rio Grande do Sul ;Percentual das pessoas de 14 anos ou mais de idade (%) - ensino superior incompleto ou equivalente;7
2023 T3;Rio Grande do Sul ;Percentual das pessoas de 14 anos ou mais de idade (%) - ensino superior incompleto ou equivalente;7
2023 T4;Rio Grande do Sul ;Percentual das pessoas de 14 anos ou mais de idade (%) - ensino superior incompleto ou equivalente;7,2
2024 T1;Rio Grande do Sul ;Percentual das pessoas de 14 anos ou mais de idade (%) - ensino superior incompleto ou equivalente;7,6
2024 T2;Rio Grande do Sul ;Percentual das pessoas de 14 anos ou mais de idade (%) - ensino superior incompleto ou equivalente;7,2
2024 T3;Rio Grande do Sul ;Percentual das pessoas de 14 anos ou mais de idade (%) - ensino superior incompleto ou equivalente;7,1
2024 T4;Rio Grande do Sul ;Percentual das pessoas de 14 anos ou mais de idade (%) - ensino superior incompleto ou equivalente;7,2
2025 T1;Rio Grande do Sul ;Percentual das pessoas de 14 anos ou mais de idade (%) - ensino superior incompleto ou equivalente;7,4
2025 T2;Rio Grande do Sul ;Percentual das pessoas de 14 anos ou mais de idade (%) - ensino superior incompleto ou equivalente;7,4
